[
{"queryName":"Mainframe Bookings - BO","year":2025,"month":11,"Country":"SG","recordCount":20,"value01":"SUM","value02":null,"value03":null,"value04":null},
 {"queryName":"Mainframe Bookings - BO","year":2025,"month":2,"Country":"JP","recordCount":463,"value01":"INT","value02":null,"value03":null,"value04":null},
 {"queryName":"Mainframe Bookings - BO","year":2025,"month":11,"Country":"AT","recordCount":15,"value01":"DET","value02":null,"value03":null,"value04":null},
 {"queryName":"Mainframe Bookings - BO","year":2025,"month":10,"Country":"SA","recordCount":418,"value01":"SCH","value02":null,"value03":null,"value04":null},
 {"queryName":"Mainframe Bookings - BO","year":2025,"month":11,"Country":"GB","recordCount":20,"value01":"XBB","value02":null,"value03":null,"value04":null},
 {"queryName":"Mainframe Bookings - BO","year":2025,"month":6,"Country":"QA","recordCount":2,"value01":"DET","value02":null,"value03":null,"value04":null},
 {"queryName":"Mainframe Bookings - BO","year":2025,"month":3,"Country":"FJ","recordCount":127,"value01":"SUM","value02":null,"value03":null,"value04":null},
 {"queryName":"Mainframe Bookings - BO","year":2025,"month":6,"Country":"LT","recordCount":9,"value01":"XBB","value02":null,"value03":null,"value04":null},
 {"queryName":"Mainframe Bookings - BO","year":2025,"month":5,"Country":"TR","recordCount":21730,"value01":"INT","value02":null,"value03":null,"value04":null},
 {"queryName":"Mainframe Bookings - BO","year":2025,"month":3,"Country":"IN","recordCount":323,"value01":"INT","value02":null,"value03":null,"value04":null},
 {"queryName":"Mainframe Bookings - BO","year":2025,"month":2,"Country":"PL","recordCount":4330,"value01":"DET","value02":null,"value03":null,"value04":null},
 {"queryName":"Mainframe Bookings - BO","year":2025,"month":7,"Country":"BD","recordCount":3,"value01":"INT","value02":null,"value03":null,"value04":null},
 {"queryName":"Mainframe Bookings - BO","year":2025,"month":9,"Country":"RU","recordCount":5,"value01":"SCH","value02":null,"value03":null,"value04":null},
 {"queryName":"Mainframe Bookings - BO","year":2025,"month":8,"Country":"EE","recordCount":10,"value01":"XBB","value02":null,"value03":null,"value04":null},
 {"queryName":"Mainframe Bookings - BO","year":2025,"month":9,"Country":"PT","recordCount":1,"value01":"SUM","value02":null,"value03":null,"value04":null},
 {"queryName":"Mainframe Bookings - BO","year":2025,"month":8,"Country":"ZA","recordCount":1,"value01":"XBB","value02":null,"value03":null,"value04":null},
 {"queryName":"Mainframe Bookings - BO","year":2025,"month":11,"Country":"CN","recordCount":1377,"value01":"DET","value02":null,"value03":null,"value04":null},
 {"queryName":"Mainframe Bookings - BO","year":2025,"month":2,"Country":"FJ","recordCount":118,"value01":"SUM","value02":null,"value03":null,"value04":null},
 {"queryName":"Mainframe Bookings - BO","year":2025,"month":1,"Country":"CY","recordCount":16,"value01":"DET","value02":null,"value03":null,"value04":null},
 {"queryName":"Mainframe Bookings - BO","year":2025,"month":9,"Country":"DE","recordCount":208,"value01":"XBB","value02":null,"value03":null,"value04":null},
 {"queryName":"Mainframe Bookings - BO","year":2025,"month":11,"Country":"CZ","recordCount":8,"value01":"XBB","value02":null,"value03":null,"value04":null},
 {"queryName":"Mainframe Bookings - BO","year":2025,"month":1,"Country":"NO","recordCount":7,"value01":"XBB","value02":null,"value03":null,"value04":null},
 {"queryName":"Mainframe Bookings - BO","year":2025,"month":3,"Country":"CZ","recordCount":45,"value01":"DET","value02":null,"value03":null,"value04":null},
 {"queryName":"Mainframe Bookings - BO","year":2025,"month":6,"Country":"CZ","recordCount":31,"value01":"DET","value02":null,"value03":null,"value04":null},
 {"queryName":"Mainframe Bookings - BO","year":2025,"month":7,"Country":"HK","recordCount":700,"value01":"INT","value02":null,"value03":null,"value04":null},
 {"queryName":"Mainframe Bookings - BO","year":2025,"month":8,"Country":"VN","recordCount":39,"value01":"XBB","value02":null,"value03":null,"value04":null},
 {"queryName":"Mainframe Bookings - BO","year":2025,"month":2,"Country":"SE","recordCount":19,"value01":"XBB","value02":null,"value03":null,"value04":null},
 {"queryName":"Mainframe Bookings - BO","year":2025,"month":3,"Country":"LT","recordCount":8,"value01":"DET","value02":null,"value03":null,"value04":null},
 {"queryName":"Mainframe Bookings - BO","year":2025,"month":6,"Country":"EE","recordCount":8,"value01":"XBB","value02":null,"value03":null,"value04":null},
 {"queryName":"Mainframe Bookings - BO","year":2025,"month":5,"Country":"AD","recordCount":3,"value01":"INT","value02":null,"value03":null,"value04":null},
 {"queryName":"Mainframe Bookings - BO","year":2025,"month":5,"Country":"LU","recordCount":11,"value01":"XBB","value02":null,"value03":null,"value04":null},
 {"queryName":"Mainframe Bookings - BO","year":2025,"month":11,"Country":"NO","recordCount":18,"value01":"SCH","value02":null,"value03":null,"value04":null},
 {"queryName":"Mainframe Bookings - BO","year":2025,"month":3,"Country":"PH","recordCount":43,"value01":"INT","value02":null,"value03":null,"value04":null},
 {"queryName":"Mainframe Bookings - BO","year":2025,"month":9,"Country":"MY","recordCount":33,"value01":"XBB","value02":null,"value03":null,"value04":null},
 {"queryName":"Mainframe Bookings - BO","year":2025,"month":1,"Country":"AR","recordCount":409,"value01":"INT","value02":null,"value03":null,"value04":null},
 {"queryName":"Mainframe Bookings - BO","year":2025,"month":10,"Country":"SG","recordCount":365,"value01":"INT","value02":null,"value03":null,"value04":null},
 {"queryName":"Mainframe Bookings - BO","year":2025,"month":6,"Country":"HU","recordCount":88,"value01":"XBB","value02":null,"value03":null,"value04":null},
 {"queryName":"Mainframe Bookings - BO","year":2025,"month":3,"Country":"AR","recordCount":390,"value01":"INT","value02":null,"value03":null,"value04":null},
 {"queryName":"Mainframe Bookings - BO","year":2025,"month":6,"Country":"PL","recordCount":2945,"value01":"DET","value02":null,"value03":null,"value04":null},
 {"queryName":"Mainframe Bookings - BO","year":2025,"month":10,"Country":"DE","recordCount":329,"value01":"XBB","value02":null,"value03":null,"value04":null},
 {"queryName":"Mainframe Bookings - BO","year":2025,"month":2,"Country":"CZ","recordCount":172,"value01":"SCH","value02":null,"value03":null,"value04":null},
 {"queryName":"Mainframe Bookings - BO","year":2025,"month":7,"Country":"LT","recordCount":4064,"value01":"INT","value02":null,"value03":null,"value04":null},
 {"queryName":"Mainframe Bookings - BO","year":2025,"month":7,"Country":"GR","recordCount":273,"value01":"SCH","value02":null,"value03":null,"value04":null},
 {"queryName":"Mainframe Bookings - BO","year":2025,"month":4,"Country":"SK","recordCount":3,"value01":"SUM","value02":null,"value03":null,"value04":null},
 {"queryName":"Mainframe Bookings - BO","year":2025,"month":3,"Country":"AE","recordCount":1394,"value01":"INT","value02":null,"value03":null,"value04":null},
 {"queryName":"Mainframe Bookings - BO","year":2025,"month":8,"Country":"GB","recordCount":24830,"value01":"INT","value02":null,"value03":null,"value04":null},
 {"queryName":"Mainframe Bookings - BO","year":2025,"month":10,"Country":"PT","recordCount":537,"value01":"SCH","value02":null,"value03":null,"value04":null},
 {"queryName":"Mainframe Bookings - BO","year":2025,"month":11,"Country":"MY","recordCount":1,"value01":"SUM","value02":null,"value03":null,"value04":null},
 {"queryName":"Mainframe Bookings - BO","year":2025,"month":2,"Country":"MM","recordCount":2,"value01":"DET","value02":null,"value03":null,"value04":null},
 {"queryName":"Mainframe Bookings - BO","year":2025,"month":6,"Country":"IT","recordCount":54,"value01":"DET","value02":null,"value03":null,"value04":null},
 {"queryName":"Mainframe Bookings - BO","year":2025,"month":9,"Country":"GB","recordCount":28327,"value01":"INT","value02":null,"value03":null,"value04":null},
 {"queryName":"Mainframe Bookings - BO","year":2025,"month":8,"Country":"LB","recordCount":19,"value01":"SCH","value02":null,"value03":null,"value04":null},
 {"queryName":"Mainframe Bookings - BO","year":2025,"month":4,"Country":"TW","recordCount":64,"value01":"SCH","value02":null,"value03":null,"value04":null},
 {"queryName":"Mainframe Bookings - BO","year":2025,"month":1,"Country":"TH","recordCount":26,"value01":"XBB","value02":null,"value03":null,"value04":null},
 {"queryName":"Mainframe Bookings - BO","year":2025,"month":9,"Country":"ES","recordCount":43591,"value01":"INT","value02":null,"value03":null,"value04":null},
 {"queryName":"Mainframe Bookings - BO","year":2025,"month":4,"Country":"TH","recordCount":2400,"value01":"SUM","value02":null,"value03":null,"value04":null},
 {"queryName":"Mainframe Bookings - BO","year":2025,"month":8,"Country":"AU","recordCount":587324,"value01":"INT","value02":null,"value03":null,"value04":null},
 {"queryName":"Mainframe Bookings - BO","year":2025,"month":1,"Country":"MY","recordCount":621,"value01":"SCH","value02":null,"value03":null,"value04":null},
 {"queryName":"Mainframe Bookings - BO","year":2025,"month":5,"Country":"LU","recordCount":3163,"value01":"INT","value02":null,"value03":null,"value04":null},
 {"queryName":"Mainframe Bookings - BO","year":2025,"month":4,"Country":"FR","recordCount":151,"value01":"XBB","value02":null,"value03":null,"value04":null},
 {"queryName":"Mainframe Bookings - BO","year":2025,"month":4,"Country":"BG","recordCount":28,"value01":"XBB","value02":null,"value03":null,"value04":null},
 {"queryName":"Mainframe Bookings - BO","year":2025,"month":7,"Country":"LU","recordCount":3,"value01":"DET","value02":null,"value03":null,"value04":null},
 {"queryName":"Mainframe Bookings - BO","year":2025,"month":2,"Country":"NL","recordCount":343,"value01":"XBB","value02":null,"value03":null,"value04":null},
 {"queryName":"Mainframe Bookings - BO","year":2025,"month":6,"Country":"RS","recordCount":15,"value01":"XBB","value02":null,"value03":null,"value04":null},
 {"queryName":"Mainframe Bookings - BO","year":2025,"month":10,"Country":"TH","recordCount":2749,"value01":"DET","value02":null,"value03":null,"value04":null},
 {"queryName":"Mainframe Bookings - BO","year":2025,"month":9,"Country":null,"recordCount":77,"value01":"SCH","value02":null,"value03":null,"value04":null},
 {"queryName":"Mainframe Bookings - BO","year":2025,"month":4,"Country":"LI","recordCount":9,"value01":"INT","value02":null,"value03":null,"value04":null},
 {"queryName":"Mainframe Bookings - BO","year":2025,"month":1,"Country":"VN","recordCount":28,"value01":"XBB","value02":null,"value03":null,"value04":null},
 {"queryName":"Mainframe Bookings - BO","year":2025,"month":4,"Country":"GB","recordCount":181,"value01":"DET","value02":null,"value03":null,"value04":null},
 {"queryName":"Mainframe Bookings - BO","year":2025,"month":7,"Country":"BA","recordCount":1,"value01":"DET","value02":null,"value03":null,"value04":null},
 {"queryName":"Mainframe Bookings - BO","year":2025,"month":10,"Country":"FJ","recordCount":6,"value01":"DET","value02":null,"value03":null,"value04":null},
 {"queryName":"Mainframe Bookings - BO","year":2025,"month":5,"Country":"FJ","recordCount":109,"value01":"SUM","value02":null,"value03":null,"value04":null},
 {"queryName":"Mainframe Bookings - BO","year":2025,"month":6,"Country":"CY","recordCount":11,"value01":"DET","value02":null,"value03":null,"value04":null},
 {"queryName":"Mainframe Bookings - BO","year":2025,"month":1,"Country":"NL","recordCount":596,"value01":"XBB","value02":null,"value03":null,"value04":null},
 {"queryName":"Mainframe Bookings - BO","year":2025,"month":1,"Country":"SA","recordCount":595,"value01":"SCH","value02":null,"value03":null,"value04":null},
 {"queryName":"Mainframe Bookings - BO","year":2025,"month":8,"Country":"NZ","recordCount":26,"value01":"INT","value02":null,"value03":null,"value04":null},
 {"queryName":"Mainframe Bookings - BO","year":2025,"month":1,"Country":"IL","recordCount":1596,"value01":"INT","value02":null,"value03":null,"value04":null},
 {"queryName":"Mainframe Bookings - BO","year":2025,"month":8,"Country":"US","recordCount":28,"value01":"INT","value02":null,"value03":null,"value04":null},
 {"queryName":"Mainframe Bookings - BO","year":2025,"month":3,"Country":"BE","recordCount":45931,"value01":"INT","value02":null,"value03":null,"value04":null},
 {"queryName":"Mainframe Bookings - BO","year":2025,"month":10,"Country":"GB","recordCount":139,"value01":"XBB","value02":null,"value03":null,"value04":null},
 {"queryName":"Mainframe Bookings - BO","year":2025,"month":11,"Country":"TR","recordCount":795,"value01":"DET","value02":null,"value03":null,"value04":null},
 {"queryName":"Mainframe Bookings - BO","year":2025,"month":1,"Country":"PL","recordCount":3262,"value01":"DET","value02":null,"value03":null,"value04":null},
 {"queryName":"Mainframe Bookings - BO","year":2025,"month":5,"Country":"SG","recordCount":599,"value01":"INT","value02":null,"value03":null,"value04":null},
 {"queryName":"Mainframe Bookings - BO","year":2025,"month":8,"Country":"HU","recordCount":78,"value01":"SUM","value02":null,"value03":null,"value04":null},
 {"queryName":"Mainframe Bookings - BO","year":2025,"month":6,"Country":"DK","recordCount":160,"value01":"DET","value02":null,"value03":null,"value04":null},
 {"queryName":"Mainframe Bookings - BO","year":2025,"month":5,"Country":"EG","recordCount":361,"value01":"INT","value02":null,"value03":null,"value04":null},
 {"queryName":"Mainframe Bookings - BO","year":2025,"month":3,"Country":"US","recordCount":500,"value01":"DET","value02":null,"value03":null,"value04":null},
 {"queryName":"Mainframe Bookings - BO","year":2025,"month":9,"Country":"FJ","recordCount":3,"value01":"DET","value02":null,"value03":null,"value04":null},
 {"queryName":"Mainframe Bookings - BO","year":2025,"month":3,"Country":"CH","recordCount":1527,"value01":"DET","value02":null,"value03":null,"value04":null},
 {"queryName":"Mainframe Bookings - BO","year":2025,"month":6,"Country":"TR","recordCount":989,"value01":"DET","value02":null,"value03":null,"value04":null},
 {"queryName":"Mainframe Bookings - BO","year":2025,"month":4,"Country":"MY","recordCount":384,"value01":"DET","value02":null,"value03":null,"value04":null},
 {"queryName":"Mainframe Bookings - BO","year":2025,"month":5,"Country":"SE","recordCount":41,"value01":"XBB","value02":null,"value03":null,"value04":null},
 {"queryName":"Mainframe Bookings - BO","year":2025,"month":4,"Country":"FI","recordCount":1,"value01":"SUM","value02":null,"value03":null,"value04":null},
 {"queryName":"Mainframe Bookings - BO","year":2025,"month":1,"Country":"ZA","recordCount":8,"value01":"XBB","value02":null,"value03":null,"value04":null},
 {"queryName":"Mainframe Bookings - BO","year":2025,"month":11,"Country":"ES","recordCount":323,"value01":"XBB","value02":null,"value03":null,"value04":null},
 {"queryName":"Mainframe Bookings - BO","year":2025,"month":7,"Country":"AZ","recordCount":1,"value01":"INT","value02":null,"value03":null,"value04":null},
 {"queryName":"Mainframe Bookings - BO","year":2025,"month":10,"Country":"NO","recordCount":16,"value01":"XBB","value02":null,"value03":null,"value04":null},
 {"queryName":"Mainframe Bookings - BO","year":2025,"month":3,"Country":"CN","recordCount":4805,"value01":"INT","value02":null,"value03":null,"value04":null},
 {"queryName":"Mainframe Bookings - BO","year":2025,"month":4,"Country":"ES","recordCount":44085,"value01":"INT","value02":null,"value03":null,"value04":null},
 {"queryName":"Mainframe Bookings - BO","year":2025,"month":11,"Country":"GR","recordCount":2,"value01":"SUM","value02":null,"value03":null,"value04":null},
 {"queryName":"Mainframe Bookings - BO","year":2025,"month":1,"Country":"GB","recordCount":12,"value01":"SUM","value02":null,"value03":null,"value04":null},
 {"queryName":"Mainframe Bookings - BO","year":2025,"month":10,"Country":"KH","recordCount":154,"value01":"SCH","value02":null,"value03":null,"value04":null},
 {"queryName":"Mainframe Bookings - BO","year":2025,"month":2,"Country":"TW","recordCount":6,"value01":"XBB","value02":null,"value03":null,"value04":null},
 {"queryName":"Mainframe Bookings - BO","year":2025,"month":4,"Country":"CH","recordCount":20,"value01":"SUM","value02":null,"value03":null,"value04":null},
 {"queryName":"Mainframe Bookings - BO","year":2025,"month":9,"Country":"KW","recordCount":4,"value01":"XBB","value02":null,"value03":null,"value04":null},
 {"queryName":"Mainframe Bookings - BO","year":2025,"month":7,"Country":"SK","recordCount":47,"value01":"XBB","value02":null,"value03":null,"value04":null},
 {"queryName":"Mainframe Bookings - BO","year":2025,"month":7,"Country":"KH","recordCount":154,"value01":"SCH","value02":null,"value03":null,"value04":null},
 {"queryName":"Mainframe Bookings - BO","year":2025,"month":11,"Country":"GR","recordCount":105,"value01":"SCH","value02":null,"value03":null,"value04":null},
 {"queryName":"Mainframe Bookings - BO","year":2025,"month":1,"Country":"QA","recordCount":148,"value01":"INT","value02":null,"value03":null,"value04":null},
 {"queryName":"Mainframe Bookings - BO","year":2025,"month":3,"Country":"SA","recordCount":1,"value01":"DET","value02":null,"value03":null,"value04":null},
 {"queryName":"Mainframe Bookings - BO","year":2025,"month":9,"Country":"FJ","recordCount":340,"value01":"SCH","value02":null,"value03":null,"value04":null},
 {"queryName":"Mainframe Bookings - BO","year":2025,"month":11,"Country":"TW","recordCount":311,"value01":"INT","value02":null,"value03":null,"value04":null},
 {"queryName":"Mainframe Bookings - BO","year":2025,"month":6,"Country":"GB","recordCount":3,"value01":"INT","value02":null,"value03":null,"value04":null},
 {"queryName":"Mainframe Bookings - BO","year":2025,"month":8,"Country":"HU","recordCount":64,"value01":"XBB","value02":null,"value03":null,"value04":null},
 {"queryName":"Mainframe Bookings - BO","year":2025,"month":10,"Country":"QA","recordCount":2,"value01":"XBB","value02":null,"value03":null,"value04":null},
 {"queryName":"Mainframe Bookings - BO","year":2025,"month":9,"Country":"BA","recordCount":5,"value01":"INT","value02":null,"value03":null,"value04":null},
 {"queryName":"Mainframe Bookings - BO","year":2025,"month":6,"Country":"PL","recordCount":110592,"value01":"INT","value02":null,"value03":null,"value04":null},
 {"queryName":"Mainframe Bookings - BO","year":2025,"month":6,"Country":"IS","recordCount":12,"value01":"INT","value02":null,"value03":null,"value04":null},
 {"queryName":"Mainframe Bookings - BO","year":2025,"month":4,"Country":"CY","recordCount":1969,"value01":"INT","value02":null,"value03":null,"value04":null},
 {"queryName":"Mainframe Bookings - BO","year":2025,"month":8,"Country":"DK","recordCount":11131,"value01":"INT","value02":null,"value03":null,"value04":null},
 {"queryName":"Mainframe Bookings - BO","year":2025,"month":2,"Country":"SN","recordCount":6,"value01":"XBB","value02":null,"value03":null,"value04":null},
 {"queryName":"Mainframe Bookings - BO","year":2025,"month":1,"Country":"KR","recordCount":24,"value01":"XBB","value02":null,"value03":null,"value04":null},
 {"queryName":"Mainframe Bookings - BO","year":2025,"month":11,"Country":"AD","recordCount":1,"value01":"INT","value02":null,"value03":null,"value04":null},
 {"queryName":"Mainframe Bookings - BO","year":2025,"month":4,"Country":"PL","recordCount":124927,"value01":"INT","value02":null,"value03":null,"value04":null},
 {"queryName":"Mainframe Bookings - BO","year":2025,"month":4,"Country":"EE","recordCount":127,"value01":"SCH","value02":null,"value03":null,"value04":null},
 {"queryName":"Mainframe Bookings - BO","year":2025,"month":1,"Country":"GN","recordCount":5,"value01":"INT","value02":null,"value03":null,"value04":null},
 {"queryName":"Mainframe Bookings - BO","year":2025,"month":5,"Country":"MT","recordCount":43,"value01":"XBB","value02":null,"value03":null,"value04":null},
 {"queryName":"Mainframe Bookings - BO","year":2025,"month":3,"Country":"JO","recordCount":28,"value01":"SCH","value02":null,"value03":null,"value04":null},
 {"queryName":"Mainframe Bookings - BO","year":2025,"month":4,"Country":"DK","recordCount":18,"value01":"XBB","value02":null,"value03":null,"value04":null},
 {"queryName":"Mainframe Bookings - BO","year":2025,"month":2,"Country":"BG","recordCount":391,"value01":"SCH","value02":null,"value03":null,"value04":null},
 {"queryName":"Mainframe Bookings - BO","year":2025,"month":9,"Country":"FR","recordCount":33470,"value01":"INT","value02":null,"value03":null,"value04":null},
 {"queryName":"Mainframe Bookings - BO","year":2025,"month":8,"Country":"FI","recordCount":8882,"value01":"INT","value02":null,"value03":null,"value04":null},
 {"queryName":"Mainframe Bookings - BO","year":2025,"month":9,"Country":"AE","recordCount":23,"value01":"XBB","value02":null,"value03":null,"value04":null},
 {"queryName":"Mainframe Bookings - BO","year":2025,"month":7,"Country":"GB","recordCount":1438,"value01":"SCH","value02":null,"value03":null,"value04":null},
 {"queryName":"Mainframe Bookings - BO","year":2025,"month":6,"Country":"LT","recordCount":120,"value01":"SCH","value02":null,"value03":null,"value04":null},
 {"queryName":"Mainframe Bookings - BO","year":2025,"month":11,"Country":"RO","recordCount":63,"value01":"DET","value02":null,"value03":null,"value04":null},
 {"queryName":"Mainframe Bookings - BO","year":2025,"month":4,"Country":"QA","recordCount":4,"value01":"SUM","value02":null,"value03":null,"value04":null},
 {"queryName":"Mainframe Bookings - BO","year":2025,"month":3,"Country":"KR","recordCount":14,"value01":"SUM","value02":null,"value03":null,"value04":null},
 {"queryName":"Mainframe Bookings - BO","year":2025,"month":4,"Country":"KR","recordCount":10,"value01":"SUM","value02":null,"value03":null,"value04":null},
 {"queryName":"Mainframe Bookings - BO","year":2025,"month":4,"Country":"OM","recordCount":2,"value01":"XBB","value02":null,"value03":null,"value04":null}]
