[
{"queryName":"CONENTRY - Billing","year":2025,"month":9,"Country":"NO","recordCount":3,"value01":"D","value02":"101","value03":"Freight Billing","value04":null},
 {"queryName":"CONENTRY - Billing","year":2025,"month":5,"Country":"DK","recordCount":4273,"value01":"S","value02":"DNE","value03":"Freight Billing","value04":null},
 {"queryName":"CONENTRY - Billing","year":2025,"month":5,"Country":"BH","recordCount":30,"value01":"S","value02":"726","value03":"Duty Billing","value04":null},
 {"queryName":"CONENTRY - Billing","year":2025,"month":2,"Country":"GR","recordCount":4486,"value01":"G","value02":"48N","value03":"Freight Billing","value04":null},
 {"queryName":"CONENTRY - Billing","year":2025,"month":6,"Country":"SE","recordCount":1,"value01":"S","value02":"728","value03":"Freight Billing","value04":null},
 {"queryName":"CONENTRY - Billing","year":2025,"month":4,"Country":"BT","recordCount":3,"value01":"Z","value02":"103","value03":"Duty Billing","value04":null},
 {"queryName":"CONENTRY - Billing","year":2025,"month":4,"Country":"GB","recordCount":28,"value01":"S","value02":"1P","value03":"Freight Billing","value04":null},
 {"queryName":"CONENTRY - Billing","year":2025,"month":6,"Country":"MY","recordCount":49,"value01":"G","value02":"15D","value03":"Freight Billing","value04":null},
 {"queryName":"CONENTRY - Billing","year":2025,"month":1,"Country":"CY","recordCount":121,"value01":"S","value02":"728","value03":"Freight Billing","value04":null},
 {"queryName":"CONENTRY - Billing","year":2025,"month":7,"Country":"EG","recordCount":139,"value01":"G","value02":"15D","value03":"Freight Billing","value04":null},
 {"queryName":"CONENTRY - Billing","year":2025,"month":4,"Country":"IL","recordCount":2,"value01":"G","value02":"10N","value03":"Freight Billing","value04":null},
 {"queryName":"CONENTRY - Billing","year":2025,"month":5,"Country":"PT","recordCount":119,"value01":"S","value02":"1P","value03":"Freight Billing","value04":null},
 {"queryName":"CONENTRY - Billing","year":2025,"month":3,"Country":"TR","recordCount":96,"value01":"G","value02":"10N","value03":"Freight Billing","value04":null},
 {"queryName":"CONENTRY - Billing","year":2025,"month":3,"Country":"DK","recordCount":1476,"value01":"G","value02":"15D","value03":"Freight Billing","value04":null},
 {"queryName":"CONENTRY - Billing","year":2025,"month":5,"Country":"FR","recordCount":248,"value01":"D","value02":"48N","value03":"Freight Billing","value04":null},
 {"queryName":"CONENTRY - Billing","year":2025,"month":4,"Country":"TW","recordCount":1144,"value01":"S","value02":"NFO","value03":"Freight Billing","value04":null},
 {"queryName":"CONENTRY - Billing","year":2025,"month":9,"Country":"CH","recordCount":31,"value01":"D","value02":"10","value03":"Freight Billing","value04":null},
 {"queryName":"CONENTRY - Billing","year":2025,"month":7,"Country":"ES","recordCount":336,"value01":"S","value02":"1P","value03":"Freight Billing","value04":null},
 {"queryName":"CONENTRY - Billing","year":2025,"month":7,"Country":"LT","recordCount":7,"value01":"Z","value02":"105","value03":"Duty Billing","value04":null},
 {"queryName":"CONENTRY - Billing","year":2025,"month":11,"Country":"BH","recordCount":2,"value01":"G","value02":"15D","value03":"Freight Billing","value04":null},
 {"queryName":"CONENTRY - Billing","year":2025,"month":3,"Country":"CY","recordCount":2,"value01":"G","value02":"412","value03":"Freight Billing","value04":null},
 {"queryName":"CONENTRY - Billing","year":2025,"month":2,"Country":"KW","recordCount":2,"value01":"D","value02":"15N","value03":"Freight Billing","value04":null},
 {"queryName":"CONENTRY - Billing","year":2025,"month":2,"Country":"PL","recordCount":33,"value01":"S","value02":"25","value03":"Freight Billing","value04":null},
 {"queryName":"CONENTRY - Billing","year":2025,"month":11,"Country":"CZ","recordCount":19643,"value01":"G","value02":"48N","value03":"Freight Billing","value04":null},
 {"queryName":"CONENTRY - Billing","year":2025,"month":2,"Country":"BG","recordCount":140,"value01":"FX","value02":"IPDG","value03":"Duty Billing","value04":null},
 {"queryName":"CONENTRY - Billing","year":2025,"month":3,"Country":"AU","recordCount":51,"value01":"G","value02":"99","value03":"Freight Billing","value04":null},
 {"queryName":"CONENTRY - Billing","year":2025,"month":1,"Country":"CZ","recordCount":1842,"value01":"S","value02":"DNE","value03":"Freight Billing","value04":null},
 {"queryName":"CONENTRY - Billing","year":2025,"month":1,"Country":"SK","recordCount":9,"value01":"S","value02":"726","value03":"Freight Billing","value04":null},
 {"queryName":"CONENTRY - Billing","year":2025,"month":2,"Country":"NL","recordCount":10,"value01":"G","value02":"10D","value03":"Freight Billing","value04":null},
 {"queryName":"CONENTRY - Billing","year":2025,"month":10,"Country":"FR","recordCount":1,"value01":"G","value02":"312","value03":"Freight Billing","value04":null},
 {"queryName":"CONENTRY - Billing","year":2025,"month":10,"Country":"DK","recordCount":1,"value01":"G","value02":"09D","value03":"Freight Billing","value04":null},
 {"queryName":"CONENTRY - Billing","year":2025,"month":1,"Country":"IT","recordCount":5738,"value01":"G","value02":"15D","value03":"Freight Billing","value04":null},
 {"queryName":"CONENTRY - Billing","year":2025,"month":4,"Country":"PH","recordCount":139,"value01":"G","value02":"15N","value03":"Duty Billing","value04":null},
 {"queryName":"CONENTRY - Billing","year":2025,"month":3,"Country":"HK","recordCount":3,"value01":"Z","value02":"105","value03":"Freight Billing","value04":null},
 {"queryName":"CONENTRY - Billing","year":2025,"month":7,"Country":"NO","recordCount":8,"value01":"S","value02":"727","value03":"Freight Billing","value04":null},
 {"queryName":"CONENTRY - Billing","year":2025,"month":5,"Country":"CY","recordCount":372,"value01":"G","value02":"48N","value03":"Freight Billing","value04":null},
 {"queryName":"CONENTRY - Billing","year":2025,"month":2,"Country":"DK","recordCount":1,"value01":"G","value02":"100","value03":"Freight Billing","value04":null},
 {"queryName":"CONENTRY - Billing","year":2025,"month":1,"Country":"RO","recordCount":417,"value01":"D","value02":"09N","value03":"Freight Billing","value04":null},
 {"queryName":"CONENTRY - Billing","year":2025,"month":9,"Country":"GR","recordCount":200,"value01":"D","value02":"101","value03":"Freight Billing","value04":null},
 {"queryName":"CONENTRY - Billing","year":2025,"month":9,"Country":"GR","recordCount":8,"value01":"G","value02":"12D","value03":"Freight Billing","value04":null},
 {"queryName":"CONENTRY - Billing","year":2025,"month":1,"Country":"FR","recordCount":62,"value01":"D","value02":"101","value03":"Freight Billing","value04":null},
 {"queryName":"CONENTRY - Billing","year":2025,"month":5,"Country":"KW","recordCount":10,"value01":"Z","value02":"103","value03":"Duty Billing","value04":null},
 {"queryName":"CONENTRY - Billing","year":2025,"month":2,"Country":"GB","recordCount":98,"value01":"S","value02":"1PN","value03":"Freight Billing","value04":null},
 {"queryName":"CONENTRY - Billing","year":2025,"month":11,"Country":"CH","recordCount":120,"value01":"G","value02":"10N","value03":"Freight Billing","value04":null},
 {"queryName":"CONENTRY - Billing","year":2025,"month":5,"Country":"CH","recordCount":16,"value01":"G","value02":"412","value03":"Duty Billing","value04":null},
 {"queryName":"CONENTRY - Billing","year":2025,"month":6,"Country":"GR","recordCount":8,"value01":"S","value02":"23","value03":"Freight Billing","value04":null},
 {"queryName":"CONENTRY - Billing","year":2025,"month":11,"Country":"AE","recordCount":22,"value01":"S","value02":"24","value03":"Freight Billing","value04":null},
 {"queryName":"CONENTRY - Billing","year":2025,"month":9,"Country":"PL","recordCount":10,"value01":"G","value02":"100","value03":"Freight Billing","value04":null},
 {"queryName":"CONENTRY - Billing","year":2025,"month":4,"Country":"AE","recordCount":847,"value01":"S","value02":"1P","value03":"Freight Billing","value04":null},
 {"queryName":"CONENTRY - Billing","year":2025,"month":7,"Country":"GR","recordCount":259,"value01":"S","value02":"800","value03":"Freight Billing","value04":null},
 {"queryName":"CONENTRY - Billing","year":2025,"month":9,"Country":"PT","recordCount":1,"value01":"FX","value02":"0106","value03":"Freight Billing","value04":null},
 {"queryName":"CONENTRY - Billing","year":2025,"month":6,"Country":"GB","recordCount":1,"value01":"S","value02":"728","value03":"Duty Billing","value04":null},
 {"queryName":"CONENTRY - Billing","year":2025,"month":10,"Country":"BH","recordCount":6,"value01":"G","value02":"100","value03":"Freight Billing","value04":null},
 {"queryName":"CONENTRY - Billing","year":2025,"month":2,"Country":"IE","recordCount":12,"value01":"S","value02":"24","value03":"Freight Billing","value04":null},
 {"queryName":"CONENTRY - Billing","year":2025,"month":5,"Country":"NO","recordCount":2,"value01":"S","value02":"DNI","value03":"Duty Billing","value04":null},
 {"queryName":"CONENTRY - Billing","year":2025,"month":9,"Country":"GB","recordCount":149,"value01":"G","value02":"10N","value03":"Freight Billing","value04":null},
 {"queryName":"CONENTRY - Billing","year":2025,"month":1,"Country":"DK","recordCount":157,"value01":"G","value02":"12N","value03":"Freight Billing","value04":null},
 {"queryName":"CONENTRY - Billing","year":2025,"month":4,"Country":"SG","recordCount":475,"value01":"S","value02":"1P","value03":"Freight Billing","value04":null},
 {"queryName":"CONENTRY - Billing","year":2025,"month":5,"Country":"NL","recordCount":7,"value01":"D","value02":"09","value03":"Freight Billing","value04":null},
 {"queryName":"CONENTRY - Billing","year":2025,"month":5,"Country":"BG","recordCount":6597,"value01":"FX","value02":"0401","value03":"Freight Billing","value04":null},
 {"queryName":"CONENTRY - Billing","year":2025,"month":4,"Country":"CZ","recordCount":242,"value01":"G","value02":"130","value03":"Freight Billing","value04":null},
 {"queryName":"CONENTRY - Billing","year":2025,"month":2,"Country":"IE","recordCount":1,"value01":"G","value02":"15D","value03":"Duty Billing","value04":null},
 {"queryName":"CONENTRY - Billing","year":2025,"month":3,"Country":"SE","recordCount":269,"value01":"Z","value02":"105","value03":"Freight Billing","value04":null},
 {"queryName":"CONENTRY - Billing","year":2025,"month":2,"Country":"LV","recordCount":1163,"value01":"G","value02":"15N","value03":"Freight Billing","value04":null},
 {"queryName":"CONENTRY - Billing","year":2025,"month":2,"Country":"IT","recordCount":4912,"value01":"S","value02":"728","value03":"Freight Billing","value04":null},
 {"queryName":"CONENTRY - Billing","year":2025,"month":3,"Country":"GB","recordCount":2,"value01":"D","value02":"15N","value03":"Freight Billing","value04":null},
 {"queryName":"CONENTRY - Billing","year":2025,"month":6,"Country":"IN","recordCount":1,"value01":"G","value02":"12N","value03":"Freight Billing","value04":null},
 {"queryName":"CONENTRY - Billing","year":2025,"month":7,"Country":"KW","recordCount":22,"value01":"S","value02":"NFO","value03":"Freight Billing","value04":null},
 {"queryName":"CONENTRY - Billing","year":2025,"month":4,"Country":"KR","recordCount":475,"value01":"G","value02":"15N","value03":"Freight Billing","value04":null},
 {"queryName":"CONENTRY - Billing","year":2025,"month":2,"Country":"SG","recordCount":297,"value01":"S","value02":"NFO","value03":"Freight Billing","value04":null},
 {"queryName":"CONENTRY - Billing","year":2025,"month":10,"Country":"NZ","recordCount":17,"value01":"G","value02":"15N","value03":"Freight Billing","value04":null},
 {"queryName":"CONENTRY - Billing","year":2025,"month":2,"Country":"JP","recordCount":10,"value01":"S","value02":"1EN","value03":"Freight Billing","value04":null},
 {"queryName":"CONENTRY - Billing","year":2025,"month":5,"Country":"ID","recordCount":15,"value01":"S","value02":"800","value03":"Freight Billing","value04":null},
 {"queryName":"CONENTRY - Billing","year":2025,"month":11,"Country":"BG","recordCount":12,"value01":"S","value02":"1EN","value03":"Freight Billing","value04":null},
 {"queryName":"CONENTRY - Billing","year":2025,"month":3,"Country":"NL","recordCount":1,"value01":"S","value02":"820","value03":"Freight Billing","value04":null},
 {"queryName":"CONENTRY - Billing","year":2025,"month":11,"Country":"BE","recordCount":3,"value01":"G","value02":"09D","value03":"Freight Billing","value04":null},
 {"queryName":"CONENTRY - Billing","year":2025,"month":10,"Country":"CH","recordCount":6058,"value01":"G","value02":"48N","value03":"Duty Billing","value04":null},
 {"queryName":"CONENTRY - Billing","year":2025,"month":4,"Country":"BE","recordCount":616,"value01":"G","value02":"15N","value03":"Duty Billing","value04":null},
 {"queryName":"CONENTRY - Billing","year":2025,"month":3,"Country":"LV","recordCount":8,"value01":"S","value02":"731","value03":"Freight Billing","value04":null},
 {"queryName":"CONENTRY - Billing","year":2025,"month":6,"Country":"HK","recordCount":7,"value01":"Z","value02":"105","value03":"Freight Billing","value04":null},
 {"queryName":"CONENTRY - Billing","year":2025,"month":2,"Country":"TH","recordCount":1,"value01":"G","value02":"12N","value03":"Freight Billing","value04":null},
 {"queryName":"CONENTRY - Billing","year":2025,"month":8,"Country":"MY","recordCount":8,"value01":"S","value02":"NFO","value03":"Freight Billing","value04":null},
 {"queryName":"CONENTRY - Billing","year":2025,"month":2,"Country":"CY","recordCount":4,"value01":"S","value02":"1EN","value03":"Freight Billing","value04":null},
 {"queryName":"CONENTRY - Billing","year":2025,"month":10,"Country":"HK","recordCount":5,"value01":"S","value02":"1EN","value03":"Freight Billing","value04":null},
 {"queryName":"CONENTRY - Billing","year":2025,"month":8,"Country":"BT","recordCount":56,"value01":"G","value02":"15N","value03":"Duty Billing","value04":null},
 {"queryName":"CONENTRY - Billing","year":2025,"month":6,"Country":"AU","recordCount":1197,"value01":"G","value02":"15N","value03":"Duty Billing","value04":null},
 {"queryName":"CONENTRY - Billing","year":2025,"month":1,"Country":"CL","recordCount":40,"value01":"S","value02":"727","value03":"Freight Billing","value04":null},
 {"queryName":"CONENTRY - Billing","year":2025,"month":8,"Country":"ES","recordCount":180,"value01":"S","value02":"1P","value03":"Freight Billing","value04":null},
 {"queryName":"CONENTRY - Billing","year":2025,"month":1,"Country":"IT","recordCount":731,"value01":"Z","value02":"103","value03":"Duty Billing","value04":null},
 {"queryName":"CONENTRY - Billing","year":2025,"month":10,"Country":"BE","recordCount":2,"value01":"Z","value02":"102","value03":"Freight Billing","value04":null},
 {"queryName":"CONENTRY - Billing","year":2025,"month":11,"Country":"PH","recordCount":3,"value01":"G","value02":"15D","value03":"Freight Billing","value04":null}
 ]