[
{"WGZ_GRP_ID":"ASIA","WGZ_GRP_DS":"ASIA","COU_ID":"AF","COU_NM":"AFGHANISTAN"},
{"WGZ_GRP_ID":"CARIBBEAN","WGZ_GRP_DS":"CARIBBEAN","COU_ID":"AI","COU_NM":"ANGUILLA"},
{"WGZ_GRP_ID":"EUROPE","WGZ_GRP_DS":"EUROPE","COU_ID":"AL","COU_NM":"ALBANIA"},
{"WGZ_GRP_ID":"EUROPE","WGZ_GRP_DS":"EUROPE","COU_ID":"AM","COU_NM":"ARMENIA"},
{"WGZ_GRP_ID":"SAMERICA","WGZ_GRP_DS":"SOUTH AMERICA","COU_ID":"AR","COU_NM":"ARGENTINA"},
{"WGZ_GRP_ID":"PACIFIC","WGZ_GRP_DS":"PACIFIC","COU_ID":"AS","COU_NM":"AMERICAN SAMOA"},
{"WGZ_GRP_ID":"EUROPE","WGZ_GRP_DS":"EUROPE","COU_ID":"AT","COU_NM":"AUSTRIA"},
{"WGZ_GRP_ID":"PACIFIC","WGZ_GRP_DS":"PACIFIC","COU_ID":"AU","COU_NM":"AUSTRALIA"},
{"WGZ_GRP_ID":"CARIBBEAN","WGZ_GRP_DS":"CARIBBEAN","COU_ID":"AW","COU_NM":"ARUBA"},
{"WGZ_GRP_ID":"EUROPE","WGZ_GRP_DS":"EUROPE","COU_ID":"AZ","COU_NM":"AZERBAIJAN"},
{"WGZ_GRP_ID":"EUROPE","WGZ_GRP_DS":"EUROPE","COU_ID":"BA","COU_NM":"BOSNIA AND HERZEGOVINA"},
{"WGZ_GRP_ID":"INSC","WGZ_GRP_DS":"INDIAN SUB-CONTINENT","COU_ID":"BD","COU_NM":"BANGLADESH"},
{"WGZ_GRP_ID":"EUROPE","WGZ_GRP_DS":"EUROPE","COU_ID":"BE","COU_NM":"BELGIUM"},
{"WGZ_GRP_ID":"AFRICA","WGZ_GRP_DS":"AFRICA","COU_ID":"BF","COU_NM":"BURKINA FASO"},
{"WGZ_GRP_ID":"EUROPE","WGZ_GRP_DS":"EUROPE","COU_ID":"BG","COU_NM":"BULGARIA"},
{"WGZ_GRP_ID":"MEAST","WGZ_GRP_DS":"MIDDLE EAST","COU_ID":"BH","COU_NM":"BAHRAIN"},
{"WGZ_GRP_ID":"AFRICA","WGZ_GRP_DS":"AFRICA","COU_ID":"BI","COU_NM":"BURUNDI"},
{"WGZ_GRP_ID":"AFRICA","WGZ_GRP_DS":"AFRICA","COU_ID":"BJ","COU_NM":"BENIN"},
{"WGZ_GRP_ID":"SAMERICA","WGZ_GRP_DS":"SOUTH AMERICA","COU_ID":"BL","COU_NM":"SAINT BARTHELEMY"},
{"WGZ_GRP_ID":"CARIBBEAN","WGZ_GRP_DS":"CARIBBEAN","COU_ID":"BM","COU_NM":"BERMUDA"},
{"WGZ_GRP_ID":"ASIA","WGZ_GRP_DS":"ASIA","COU_ID":"BN","COU_NM":"BRUNEI DARUSSALAM"},
{"WGZ_GRP_ID":"CARIBBEAN","WGZ_GRP_DS":"CARIBBEAN","COU_ID":"BQ","COU_NM":"BONAIRE/SINT EUSTATIUS/SABA"},
{"WGZ_GRP_ID":"SAMERICA","WGZ_GRP_DS":"SOUTH AMERICA","COU_ID":"BR","COU_NM":"BRAZIL"},
{"WGZ_GRP_ID":"CARIBBEAN","WGZ_GRP_DS":"CARIBBEAN","COU_ID":"BS","COU_NM":"BAHAMAS"},
{"WGZ_GRP_ID":"AFRICA","WGZ_GRP_DS":"AFRICA","COU_ID":"BT","COU_NM":"BHUTAN"},
{"WGZ_GRP_ID":"MEAST","WGZ_GRP_DS":"MIDDLE EAST","COU_ID":"BV","COU_NM":"BOUVET ISLAND"},
{"WGZ_GRP_ID":"EUROPE","WGZ_GRP_DS":"EUROPE","COU_ID":"BY","COU_NM":"BELARUS"},
{"WGZ_GRP_ID":"CAMERICA","WGZ_GRP_DS":"CENTRAL AMERICA","COU_ID":"BZ","COU_NM":"BELIZE"},
{"WGZ_GRP_ID":"NAMERICA","WGZ_GRP_DS":"NORTH AMERICA","COU_ID":"CA","COU_NM":"CANADA"},
{"WGZ_GRP_ID":"ASIA","WGZ_GRP_DS":"ASIA","COU_ID":"CC","COU_NM":"COCOS (KEELING) ISLANDS"},
{"WGZ_GRP_ID":"AFRICA","WGZ_GRP_DS":"AFRICA","COU_ID":"CD","COU_NM":"CONGO DEMOCRATIC REP OF THE"},
{"WGZ_GRP_ID":"AFRICA","WGZ_GRP_DS":"AFRICA","COU_ID":"CF","COU_NM":"CENTRAL AFRICAN REPUBLIC"},
{"WGZ_GRP_ID":"AFRICA","WGZ_GRP_DS":"AFRICA","COU_ID":"CG","COU_NM":"CONGO"},
{"WGZ_GRP_ID":"EUROPE","WGZ_GRP_DS":"EUROPE","COU_ID":"CH","COU_NM":"SWITZERLAND"},
{"WGZ_GRP_ID":"AFRICA","WGZ_GRP_DS":"AFRICA","COU_ID":"CI","COU_NM":"COTE D'IVOIRE"},
{"WGZ_GRP_ID":"PACIFIC","WGZ_GRP_DS":"PACIFIC","COU_ID":"CK","COU_NM":"COOK ISLANDS"},
{"WGZ_GRP_ID":"SAMERICA","WGZ_GRP_DS":"SOUTH AMERICA","COU_ID":"CL","COU_NM":"CHILE"},
{"WGZ_GRP_ID":"AFRICA","WGZ_GRP_DS":"AFRICA","COU_ID":"CM","COU_NM":"CAMEROON"},
{"WGZ_GRP_ID":"ASIA","WGZ_GRP_DS":"ASIA","COU_ID":"CN","COU_NM":"CHINA"},
{"WGZ_GRP_ID":"SAMERICA","WGZ_GRP_DS":"SOUTH AMERICA","COU_ID":"CO","COU_NM":"COLOMBIA"},
{"WGZ_GRP_ID":"CAMERICA","WGZ_GRP_DS":"CENTRAL AMERICA","COU_ID":"CR","COU_NM":"COSTA RICA"},
{"WGZ_GRP_ID":"AFRICA","WGZ_GRP_DS":"AFRICA","COU_ID":"CV","COU_NM":"CAPE VERDE"},
{"WGZ_GRP_ID":"CARIBBEAN","WGZ_GRP_DS":"CARIBBEAN","COU_ID":"CW","COU_NM":"CURACAO"},
{"WGZ_GRP_ID":"MEAST","WGZ_GRP_DS":"MIDDLE EAST","COU_ID":"CX","COU_NM":"CHRISTMAS ISLAND"},
{"WGZ_GRP_ID":"EUROPE","WGZ_GRP_DS":"EUROPE","COU_ID":"CY","COU_NM":"CYPRUS"},
{"WGZ_GRP_ID":"EUROPE","WGZ_GRP_DS":"EUROPE","COU_ID":"CZ","COU_NM":"CZECH REPUBLIC"},
{"WGZ_GRP_ID":"EUROPE","WGZ_GRP_DS":"EUROPE","COU_ID":"DE","COU_NM":"GERMANY"},
{"WGZ_GRP_ID":"AFRICA","WGZ_GRP_DS":"AFRICA","COU_ID":"DJ","COU_NM":"DJIBOUTI"},
{"WGZ_GRP_ID":"EUROPE","WGZ_GRP_DS":"EUROPE","COU_ID":"DK","COU_NM":"DENMARK"},
{"WGZ_GRP_ID":"CARIBBEAN","WGZ_GRP_DS":"CARIBBEAN","COU_ID":"DM","COU_NM":"DOMINICA"},
{"WGZ_GRP_ID":"CARIBBEAN","WGZ_GRP_DS":"CARIBBEAN","COU_ID":"DO","COU_NM":"DOMINICAN REPUBLIC"},
{"WGZ_GRP_ID":"AFRICA","WGZ_GRP_DS":"AFRICA","COU_ID":"DZ","COU_NM":"ALGERIA"},
{"WGZ_GRP_ID":"SAMERICA","WGZ_GRP_DS":"SOUTH AMERICA","COU_ID":"EC","COU_NM":"ECUADOR"},
{"WGZ_GRP_ID":"EUROPE","WGZ_GRP_DS":"EUROPE","COU_ID":"EE","COU_NM":"ESTONIA"},
{"WGZ_GRP_ID":"MEAST","WGZ_GRP_DS":"MIDDLE EAST","COU_ID":"EG","COU_NM":"EGYPT"},
{"WGZ_GRP_ID":"MEAST","WGZ_GRP_DS":"MIDDLE EAST","COU_ID":"EH","COU_NM":"WESTERN SAHARA"},
{"WGZ_GRP_ID":"AFRICA","WGZ_GRP_DS":"AFRICA","COU_ID":"ER","COU_NM":"ERITREA"},
{"WGZ_GRP_ID":"AFRICA","WGZ_GRP_DS":"AFRICA","COU_ID":"ET","COU_NM":"ETHIOPIA"},
{"WGZ_GRP_ID":"EUROPE","WGZ_GRP_DS":"EUROPE","COU_ID":"FI","COU_NM":"FINLAND"},
{"WGZ_GRP_ID":"PACIFIC","WGZ_GRP_DS":"PACIFIC","COU_ID":"FJ","COU_NM":"FIJI"},
{"WGZ_GRP_ID":"SAMERICA","WGZ_GRP_DS":"SOUTH AMERICA","COU_ID":"FK","COU_NM":"FALKLAND ISLANDS"},
{"WGZ_GRP_ID":"PACIFIC","WGZ_GRP_DS":"PACIFIC","COU_ID":"FM","COU_NM":"MICRONESIA FEDERATED STATES OF"},
{"WGZ_GRP_ID":"EUROPE","WGZ_GRP_DS":"EUROPE","COU_ID":"FO","COU_NM":"FAROE ISLANDS"},
{"WGZ_GRP_ID":"EUROPE","WGZ_GRP_DS":"EUROPE","COU_ID":"FR","COU_NM":"FRANCE"},
{"WGZ_GRP_ID":"AFRICA","WGZ_GRP_DS":"AFRICA","COU_ID":"GA","COU_NM":"GABON"},
{"WGZ_GRP_ID":"EUROPE","WGZ_GRP_DS":"EUROPE","COU_ID":"GB","COU_NM":"UNITED KINGDOM"},
{"WGZ_GRP_ID":"CARIBBEAN","WGZ_GRP_DS":"CARIBBEAN","COU_ID":"GD","COU_NM":"GRENADA"},
{"WGZ_GRP_ID":"EUROPE","WGZ_GRP_DS":"EUROPE","COU_ID":"GE","COU_NM":"GEORGIA"},
{"WGZ_GRP_ID":"SAMERICA","WGZ_GRP_DS":"SOUTH AMERICA","COU_ID":"GF","COU_NM":"FRENCH GUIANA"},
{"WGZ_GRP_ID":"EUROPE","WGZ_GRP_DS":"EUROPE","COU_ID":"GG","COU_NM":"GUERNSEY"},
{"WGZ_GRP_ID":"AFRICA","WGZ_GRP_DS":"AFRICA","COU_ID":"GH","COU_NM":"GHANA"},
{"WGZ_GRP_ID":"EUROPE","WGZ_GRP_DS":"EUROPE","COU_ID":"GI","COU_NM":"GIBRALTAR"},
{"WGZ_GRP_ID":"EUROPE","WGZ_GRP_DS":"EUROPE","COU_ID":"GL","COU_NM":"GREENLAND"},
{"WGZ_GRP_ID":"AFRICA","WGZ_GRP_DS":"AFRICA","COU_ID":"GM","COU_NM":"GAMBIA"},
{"WGZ_GRP_ID":"AFRICA","WGZ_GRP_DS":"AFRICA","COU_ID":"GN","COU_NM":"GUINEA"},
{"WGZ_GRP_ID":"CARIBBEAN","WGZ_GRP_DS":"CARIBBEAN","COU_ID":"GP","COU_NM":"GUADELOUPE"},
{"WGZ_GRP_ID":"AFRICA","WGZ_GRP_DS":"AFRICA","COU_ID":"GQ","COU_NM":"EQUATORIAL GUINEA"},
{"WGZ_GRP_ID":"EUROPE","WGZ_GRP_DS":"EUROPE","COU_ID":"GR","COU_NM":"GREECE"},
{"WGZ_GRP_ID":"SAMERICA","WGZ_GRP_DS":"SOUTH AMERICA","COU_ID":"GS","COU_NM":"SOUTH GEORGIA/SANDWICH ISLANDS"},
{"WGZ_GRP_ID":"CAMERICA","WGZ_GRP_DS":"CENTRAL AMERICA","COU_ID":"GT","COU_NM":"GUATEMALA"},
{"WGZ_GRP_ID":"PACIFIC","WGZ_GRP_DS":"PACIFIC","COU_ID":"GU","COU_NM":"GUAM"},
{"WGZ_GRP_ID":"AFRICA","WGZ_GRP_DS":"AFRICA","COU_ID":"GW","COU_NM":"GUINEA-BISSAU"},
{"WGZ_GRP_ID":"SAMERICA","WGZ_GRP_DS":"SOUTH AMERICA","COU_ID":"GY","COU_NM":"GUYANA"},
{"WGZ_GRP_ID":"NAMERICA","WGZ_GRP_DS":"NORTH AMERICA","COU_ID":"HM","COU_NM":"HEARD AND MCDONALDS ISLANDS"},
{"WGZ_GRP_ID":"CAMERICA","WGZ_GRP_DS":"CENTRAL AMERICA","COU_ID":"HN","COU_NM":"HONDURAS"},
{"WGZ_GRP_ID":"EUROPE","WGZ_GRP_DS":"EUROPE","COU_ID":"HR","COU_NM":"CROATIA"},
{"WGZ_GRP_ID":"CARIBBEAN","WGZ_GRP_DS":"CARIBBEAN","COU_ID":"HT","COU_NM":"HAITI"},
{"WGZ_GRP_ID":"EUROPE","WGZ_GRP_DS":"EUROPE","COU_ID":"HU","COU_NM":"HUNGARY"},
{"WGZ_GRP_ID":"ASIA","WGZ_GRP_DS":"ASIA","COU_ID":"ID","COU_NM":"INDONESIA"},
{"WGZ_GRP_ID":"EUROPE","WGZ_GRP_DS":"EUROPE","COU_ID":"IE","COU_NM":"IRELAND"},
{"WGZ_GRP_ID":"MEAST","WGZ_GRP_DS":"MIDDLE EAST","COU_ID":"IL","COU_NM":"ISRAEL"},
{"WGZ_GRP_ID":"EUROPE","WGZ_GRP_DS":"EUROPE","COU_ID":"IM","COU_NM":"ISLE OF MAN"},
{"WGZ_GRP_ID":"INSC","WGZ_GRP_DS":"INDIAN SUB-CONTINENT","COU_ID":"IN","COU_NM":"INDIA"},
{"WGZ_GRP_ID":"MEAST","WGZ_GRP_DS":"MIDDLE EAST","COU_ID":"IO","COU_NM":"BRITISH INDIAN OCEAN TERRITORY"},
{"WGZ_GRP_ID":"MEAST","WGZ_GRP_DS":"MIDDLE EAST","COU_ID":"IQ","COU_NM":"IRAQ"},
{"WGZ_GRP_ID":"EUROPE","WGZ_GRP_DS":"EUROPE","COU_ID":"IS","COU_NM":"ICELAND"},
{"WGZ_GRP_ID":"EUROPE","WGZ_GRP_DS":"EUROPE","COU_ID":"IT","COU_NM":"ITALY"},
{"WGZ_GRP_ID":"EUROPE","WGZ_GRP_DS":"EUROPE","COU_ID":"JE","COU_NM":"JERSEY"},
{"WGZ_GRP_ID":"CARIBBEAN","WGZ_GRP_DS":"CARIBBEAN","COU_ID":"JM","COU_NM":"JAMAICA"},
{"WGZ_GRP_ID":"MEAST","WGZ_GRP_DS":"MIDDLE EAST","COU_ID":"JO","COU_NM":"JORDAN"},
{"WGZ_GRP_ID":"ASIA","WGZ_GRP_DS":"ASIA","COU_ID":"JP","COU_NM":"JAPAN"},
{"WGZ_GRP_ID":"AFRICA","WGZ_GRP_DS":"AFRICA","COU_ID":"KE","COU_NM":"KENYA"},
{"WGZ_GRP_ID":"ASIA","WGZ_GRP_DS":"ASIA","COU_ID":"KG","COU_NM":"KYRGYZSTAN"},
{"WGZ_GRP_ID":"ASIA","WGZ_GRP_DS":"ASIA","COU_ID":"KH","COU_NM":"CAMBODIA"},
{"WGZ_GRP_ID":"PACIFIC","WGZ_GRP_DS":"PACIFIC","COU_ID":"KI","COU_NM":"KIRIBATI"},
{"WGZ_GRP_ID":"AFRICA","WGZ_GRP_DS":"AFRICA","COU_ID":"KM","COU_NM":"COMOROS"},
{"WGZ_GRP_ID":"CARIBBEAN","WGZ_GRP_DS":"CARIBBEAN","COU_ID":"KN","COU_NM":"SAINT KITTS AND NEVIS"},
{"WGZ_GRP_ID":"ASIA","WGZ_GRP_DS":"ASIA","COU_ID":"KR","COU_NM":"KOREA REPUBLIC OF"},
{"WGZ_GRP_ID":"MEAST","WGZ_GRP_DS":"MIDDLE EAST","COU_ID":"KW","COU_NM":"KUWAIT"},
{"WGZ_GRP_ID":"CARIBBEAN","WGZ_GRP_DS":"CARIBBEAN","COU_ID":"KY","COU_NM":"CAYMAN ISLANDS"},
{"WGZ_GRP_ID":"ASIA","WGZ_GRP_DS":"ASIA","COU_ID":"KZ","COU_NM":"KAZAKHSTAN"},
{"WGZ_GRP_ID":"ASIA","WGZ_GRP_DS":"ASIA","COU_ID":"LA","COU_NM":"LAO PEOPLE'S DEM. REPUBLIC"},
{"WGZ_GRP_ID":"MEAST","WGZ_GRP_DS":"MIDDLE EAST","COU_ID":"LB","COU_NM":"LEBANON"},
{"WGZ_GRP_ID":"CARIBBEAN","WGZ_GRP_DS":"CARIBBEAN","COU_ID":"LC","COU_NM":"SAINT LUCIA"},
{"WGZ_GRP_ID":"EUROPE","WGZ_GRP_DS":"EUROPE","COU_ID":"LI","COU_NM":"LIECHTENSTEIN"},
{"WGZ_GRP_ID":"INSC","WGZ_GRP_DS":"INDIAN SUB-CONTINENT","COU_ID":"LK","COU_NM":"SRI LANKA"},
{"WGZ_GRP_ID":"AFRICA","WGZ_GRP_DS":"AFRICA","COU_ID":"LR","COU_NM":"LIBERIA"},
{"WGZ_GRP_ID":"AFRICA","WGZ_GRP_DS":"AFRICA","COU_ID":"LS","COU_NM":"LESOTHO"},
{"WGZ_GRP_ID":"EUROPE","WGZ_GRP_DS":"EUROPE","COU_ID":"LT","COU_NM":"LITHUANIA"},
{"WGZ_GRP_ID":"EUROPE","WGZ_GRP_DS":"EUROPE","COU_ID":"LU","COU_NM":"LUXEMBOURG"},
{"WGZ_GRP_ID":"AFRICA","WGZ_GRP_DS":"AFRICA","COU_ID":"LY","COU_NM":"LIBYAN ARAB JAMAHIRIYA"},
{"WGZ_GRP_ID":"AFRICA","WGZ_GRP_DS":"AFRICA","COU_ID":"MA","COU_NM":"MOROCCO"},
{"WGZ_GRP_ID":"EUROPE","WGZ_GRP_DS":"EUROPE","COU_ID":"MC","COU_NM":"MONACO"},
{"WGZ_GRP_ID":"EUROPE","WGZ_GRP_DS":"EUROPE","COU_ID":"MD","COU_NM":"MOLDOVA REPUBLIC OF"},
{"WGZ_GRP_ID":"EUROPE","WGZ_GRP_DS":"EUROPE","COU_ID":"ME","COU_NM":"MONTENEGRO"},
{"WGZ_GRP_ID":"SAMERICA","WGZ_GRP_DS":"SOUTH AMERICA","COU_ID":"MF","COU_NM":"SAINT MARTIN"},
{"WGZ_GRP_ID":"AFRICA","WGZ_GRP_DS":"AFRICA","COU_ID":"MG","COU_NM":"MADAGASCAR"},
{"WGZ_GRP_ID":"PACIFIC","WGZ_GRP_DS":"PACIFIC","COU_ID":"MH","COU_NM":"MARSHALL ISLANDS"},
{"WGZ_GRP_ID":"AFRICA","WGZ_GRP_DS":"AFRICA","COU_ID":"ML","COU_NM":"MALI"},
{"WGZ_GRP_ID":"ASIA","WGZ_GRP_DS":"ASIA","COU_ID":"MM","COU_NM":"MYANMAR"},
{"WGZ_GRP_ID":"ASIA","WGZ_GRP_DS":"ASIA","COU_ID":"MN","COU_NM":"MONGOLIA"},
{"WGZ_GRP_ID":"PACIFIC","WGZ_GRP_DS":"PACIFIC","COU_ID":"MP","COU_NM":"NORTHERN MARIANA ISLANDS"},
{"WGZ_GRP_ID":"CARIBBEAN","WGZ_GRP_DS":"CARIBBEAN","COU_ID":"MQ","COU_NM":"MARTINIQUE"},
{"WGZ_GRP_ID":"AFRICA","WGZ_GRP_DS":"AFRICA","COU_ID":"MR","COU_NM":"MAURITANIA"},
{"WGZ_GRP_ID":"CARIBBEAN","WGZ_GRP_DS":"CARIBBEAN","COU_ID":"MS","COU_NM":"MONTSERRAT"},
{"WGZ_GRP_ID":"EUROPE","WGZ_GRP_DS":"EUROPE","COU_ID":"MT","COU_NM":"MALTA"},
{"WGZ_GRP_ID":"AFRICA","WGZ_GRP_DS":"AFRICA","COU_ID":"MU","COU_NM":"MAURITIUS"},
{"WGZ_GRP_ID":"INSC","WGZ_GRP_DS":"INDIAN SUB-CONTINENT","COU_ID":"MV","COU_NM":"MALDIVES"},
{"WGZ_GRP_ID":"AFRICA","WGZ_GRP_DS":"AFRICA","COU_ID":"MW","COU_NM":"MALAWI"},
{"WGZ_GRP_ID":"NAMERICA","WGZ_GRP_DS":"NORTH AMERICA","COU_ID":"MX","COU_NM":"MEXICO"},
{"WGZ_GRP_ID":"ASIA","WGZ_GRP_DS":"ASIA","COU_ID":"MY","COU_NM":"MALAYSIA"},
{"WGZ_GRP_ID":"AFRICA","WGZ_GRP_DS":"AFRICA","COU_ID":"MZ","COU_NM":"MOZAMBIQUE"},
{"WGZ_GRP_ID":"AFRICA","WGZ_GRP_DS":"AFRICA","COU_ID":"NA","COU_NM":"NAMIBIA"},
{"WGZ_GRP_ID":"PACIFIC","WGZ_GRP_DS":"PACIFIC","COU_ID":"NC","COU_NM":"NEW CALEDONIA"},
{"WGZ_GRP_ID":"AFRICA","WGZ_GRP_DS":"AFRICA","COU_ID":"NE","COU_NM":"NIGER"},
{"WGZ_GRP_ID":"PACIFIC","WGZ_GRP_DS":"PACIFIC","COU_ID":"NF","COU_NM":"NORFOLK ISLAND"},
{"WGZ_GRP_ID":"AFRICA","WGZ_GRP_DS":"AFRICA","COU_ID":"NG","COU_NM":"NIGERIA"},
{"WGZ_GRP_ID":"CAMERICA","WGZ_GRP_DS":"CENTRAL AMERICA","COU_ID":"NI","COU_NM":"NICARAGUA"},
{"WGZ_GRP_ID":"EUROPE","WGZ_GRP_DS":"EUROPE","COU_ID":"NL","COU_NM":"NETHERLANDS"},
{"WGZ_GRP_ID":"EUROPE","WGZ_GRP_DS":"EUROPE","COU_ID":"NO","COU_NM":"NORWAY"},
{"WGZ_GRP_ID":"INSC","WGZ_GRP_DS":"INDIAN SUB-CONTINENT","COU_ID":"NP","COU_NM":"NEPAL"},
{"WGZ_GRP_ID":"PACIFIC","WGZ_GRP_DS":"PACIFIC","COU_ID":"NR","COU_NM":"NAURU"},
{"WGZ_GRP_ID":"PACIFIC","WGZ_GRP_DS":"PACIFIC","COU_ID":"NU","COU_NM":"NIUE"},
{"WGZ_GRP_ID":"PACIFIC","WGZ_GRP_DS":"PACIFIC","COU_ID":"NZ","COU_NM":"NEW ZEALAND"},
{"WGZ_GRP_ID":"MEAST","WGZ_GRP_DS":"MIDDLE EAST","COU_ID":"OM","COU_NM":"OMAN"},
{"WGZ_GRP_ID":"CAMERICA","WGZ_GRP_DS":"CENTRAL AMERICA","COU_ID":"PA","COU_NM":"PANAMA"},
{"WGZ_GRP_ID":"SAMERICA","WGZ_GRP_DS":"SOUTH AMERICA","COU_ID":"PE","COU_NM":"PERU"},
{"WGZ_GRP_ID":"PACIFIC","WGZ_GRP_DS":"PACIFIC","COU_ID":"PF","COU_NM":"FRENCH POLYNESIA"},
{"WGZ_GRP_ID":"PACIFIC","WGZ_GRP_DS":"PACIFIC","COU_ID":"PG","COU_NM":"PAPUA NEW GUINEA"},
{"WGZ_GRP_ID":"ASIA","WGZ_GRP_DS":"ASIA","COU_ID":"PH","COU_NM":"PHILIPPINES"},
{"WGZ_GRP_ID":"INSC","WGZ_GRP_DS":"INDIAN SUB-CONTINENT","COU_ID":"PK","COU_NM":"PAKISTAN"},
{"WGZ_GRP_ID":"EUROPE","WGZ_GRP_DS":"EUROPE","COU_ID":"PL","COU_NM":"POLAND"},
{"WGZ_GRP_ID":"NAMERICA","WGZ_GRP_DS":"NORTH AMERICA","COU_ID":"PM","COU_NM":"SAINT PIERRE AND MIQUELON"},
{"WGZ_GRP_ID":"AUSTRALIA","WGZ_GRP_DS":"AUSTRALIA","COU_ID":"PN","COU_NM":"PITCAIRN"},
{"WGZ_GRP_ID":"CARIBBEAN","WGZ_GRP_DS":"CARIBBEAN","COU_ID":"PR","COU_NM":"PUERTO RICO"},
{"WGZ_GRP_ID":"EUROPE","WGZ_GRP_DS":"EUROPE","COU_ID":"PT","COU_NM":"PORTUGAL"},
{"WGZ_GRP_ID":"PACIFIC","WGZ_GRP_DS":"PACIFIC","COU_ID":"PW","COU_NM":"PALAU"},
{"WGZ_GRP_ID":"SAMERICA","WGZ_GRP_DS":"SOUTH AMERICA","COU_ID":"PY","COU_NM":"PARAGUAY"},
{"WGZ_GRP_ID":"MEAST","WGZ_GRP_DS":"MIDDLE EAST","COU_ID":"QA","COU_NM":"QATAR"},
{"WGZ_GRP_ID":"AFRICA","WGZ_GRP_DS":"AFRICA","COU_ID":"RE","COU_NM":"REUNION"},
{"WGZ_GRP_ID":"EUROPE","WGZ_GRP_DS":"EUROPE","COU_ID":"RO","COU_NM":"ROMANIA"},
{"WGZ_GRP_ID":"EUROPE","WGZ_GRP_DS":"EUROPE","COU_ID":"RS","COU_NM":"SERBIA"},
{"WGZ_GRP_ID":"EUROPE","WGZ_GRP_DS":"EUROPE","COU_ID":"RU","COU_NM":"RUSSIAN FEDERATION"},
{"WGZ_GRP_ID":"AFRICA","WGZ_GRP_DS":"AFRICA","COU_ID":"RW","COU_NM":"RWANDA"},
{"WGZ_GRP_ID":"MEAST","WGZ_GRP_DS":"MIDDLE EAST","COU_ID":"SA","COU_NM":"SAUDI ARABIA"},
{"WGZ_GRP_ID":"PACIFIC","WGZ_GRP_DS":"PACIFIC","COU_ID":"SB","COU_NM":"SOLOMON ISLANDS"},
{"WGZ_GRP_ID":"AFRICA","WGZ_GRP_DS":"AFRICA","COU_ID":"SC","COU_NM":"SEYCHELLES"},
{"WGZ_GRP_ID":"EUROPE","WGZ_GRP_DS":"EUROPE","COU_ID":"SE","COU_NM":"SWEDEN"},
{"WGZ_GRP_ID":"ASIA","WGZ_GRP_DS":"ASIA","COU_ID":"SG","COU_NM":"SINGAPORE"},
{"WGZ_GRP_ID":"AFRICA","WGZ_GRP_DS":"AFRICA","COU_ID":"SH","COU_NM":"SAINT HELENA"},
{"WGZ_GRP_ID":"EUROPE","WGZ_GRP_DS":"EUROPE","COU_ID":"SI","COU_NM":"SLOVENIA"},
{"WGZ_GRP_ID":"EUROPE","WGZ_GRP_DS":"EUROPE","COU_ID":"SJ","COU_NM":"SVALBARD AND JAN MAYEN"},
{"WGZ_GRP_ID":"EUROPE","WGZ_GRP_DS":"EUROPE","COU_ID":"SK","COU_NM":"SLOVAKIA"},
{"WGZ_GRP_ID":"AFRICA","WGZ_GRP_DS":"AFRICA","COU_ID":"SL","COU_NM":"SIERRA LEONE"},
{"WGZ_GRP_ID":"EUROPE","WGZ_GRP_DS":"EUROPE","COU_ID":"SM","COU_NM":"SAN MARINO"},
{"WGZ_GRP_ID":"AFRICA","WGZ_GRP_DS":"AFRICA","COU_ID":"SN","COU_NM":"SENEGAL"},
{"WGZ_GRP_ID":"SAMERICA","WGZ_GRP_DS":"SOUTH AMERICA","COU_ID":"SR","COU_NM":"SURINAME"},
{"WGZ_GRP_ID":"AFRICA","WGZ_GRP_DS":"AFRICA","COU_ID":"ST","COU_NM":"SAO TOME AND PRINCIPE"},
{"WGZ_GRP_ID":"CAMERICA","WGZ_GRP_DS":"CENTRAL AMERICA","COU_ID":"SV","COU_NM":"EL SALVADOR"},
{"WGZ_GRP_ID":"CARIBBEAN","WGZ_GRP_DS":"CARIBBEAN","COU_ID":"SX","COU_NM":"SINT MAARTEN (DUTCH PART)"},
{"WGZ_GRP_ID":"AFRICA","WGZ_GRP_DS":"AFRICA","COU_ID":"SZ","COU_NM":"SWAZILAND"},
{"WGZ_GRP_ID":"CARIBBEAN","WGZ_GRP_DS":"CARIBBEAN","COU_ID":"TC","COU_NM":"TURKS AND CAICOS ISLANDS"},
{"WGZ_GRP_ID":"AFRICA","WGZ_GRP_DS":"AFRICA","COU_ID":"TD","COU_NM":"CHAD"},
{"WGZ_GRP_ID":"MEAST","WGZ_GRP_DS":"MIDDLE EAST","COU_ID":"TF","COU_NM":"FRENCH SOUTHERN TERRITORIES"},
{"WGZ_GRP_ID":"AFRICA","WGZ_GRP_DS":"AFRICA","COU_ID":"TG","COU_NM":"TOGO"},
{"WGZ_GRP_ID":"ASIA","WGZ_GRP_DS":"ASIA","COU_ID":"TH","COU_NM":"THAILAND"},
{"WGZ_GRP_ID":"ASIA","WGZ_GRP_DS":"ASIA","COU_ID":"TJ","COU_NM":"TAJIKISTAN"},
{"WGZ_GRP_ID":"PACIFIC","WGZ_GRP_DS":"PACIFIC","COU_ID":"TK","COU_NM":"TOKELAU"},
{"WGZ_GRP_ID":"PACIFIC","WGZ_GRP_DS":"PACIFIC","COU_ID":"TL","COU_NM":"TIMOR-LESTE"},
{"WGZ_GRP_ID":"ASIA","WGZ_GRP_DS":"ASIA","COU_ID":"TM","COU_NM":"TURKMENISTAN"},
{"WGZ_GRP_ID":"AFRICA","WGZ_GRP_DS":"AFRICA","COU_ID":"TN","COU_NM":"TUNISIA"},
{"WGZ_GRP_ID":"PACIFIC","WGZ_GRP_DS":"PACIFIC","COU_ID":"TO","COU_NM":"TONGA"},
{"WGZ_GRP_ID":"EUROPE","WGZ_GRP_DS":"EUROPE","COU_ID":"TR","COU_NM":"TURKEY"},
{"WGZ_GRP_ID":"CARIBBEAN","WGZ_GRP_DS":"CARIBBEAN","COU_ID":"TT","COU_NM":"TRINIDAD AND TOBAGO"},
{"WGZ_GRP_ID":"PACIFIC","WGZ_GRP_DS":"PACIFIC","COU_ID":"TV","COU_NM":"TUVALU"},
{"WGZ_GRP_ID":"AFRICA","WGZ_GRP_DS":"AFRICA","COU_ID":"TZ","COU_NM":"TANZANIA UNITED REPUBLIC OF"},
{"WGZ_GRP_ID":"AFRICA","WGZ_GRP_DS":"AFRICA","COU_ID":"UG","COU_NM":"UGANDA"},
{"WGZ_GRP_ID":"NAMERICA","WGZ_GRP_DS":"NORTH AMERICA","COU_ID":"UM","COU_NM":"U.S. MINOR OUTLYING ISLANDS"},
{"WGZ_GRP_ID":"NAMERICA","WGZ_GRP_DS":"NORTH AMERICA","COU_ID":"US","COU_NM":"UNITED STATES"},
{"WGZ_GRP_ID":"SAMERICA","WGZ_GRP_DS":"SOUTH AMERICA","COU_ID":"UY","COU_NM":"URUGUAY"},
{"WGZ_GRP_ID":"ASIA","WGZ_GRP_DS":"ASIA","COU_ID":"UZ","COU_NM":"UZBEKISTAN"},
{"WGZ_GRP_ID":"EUROPE","WGZ_GRP_DS":"EUROPE","COU_ID":"VA","COU_NM":"HOLY SEE (VATICAN CITY STATE)"},
{"WGZ_GRP_ID":"CARIBBEAN","WGZ_GRP_DS":"CARIBBEAN","COU_ID":"VC","COU_NM":"ST. VINCENT AND THE GRENADINES"},
{"WGZ_GRP_ID":"SAMERICA","WGZ_GRP_DS":"SOUTH AMERICA","COU_ID":"VE","COU_NM":"VENEZUELA BOLIVARIAN REP OF"},
{"WGZ_GRP_ID":"CARIBBEAN","WGZ_GRP_DS":"CARIBBEAN","COU_ID":"VG","COU_NM":"VIRGIN ISLANDS (BRITISH)"},
{"WGZ_GRP_ID":"CARIBBEAN","WGZ_GRP_DS":"CARIBBEAN","COU_ID":"VI","COU_NM":"VIRGIN ISLANDS (U.S.)"},
{"WGZ_GRP_ID":"ASIA","WGZ_GRP_DS":"ASIA","COU_ID":"VN","COU_NM":"VIET NAM"},
{"WGZ_GRP_ID":"PACIFIC","WGZ_GRP_DS":"PACIFIC","COU_ID":"VU","COU_NM":"VANUATU"},
{"WGZ_GRP_ID":"PACIFIC","WGZ_GRP_DS":"PACIFIC","COU_ID":"WF","COU_NM":"WALLIS AND FUTUNA"},
{"WGZ_GRP_ID":"PACIFIC","WGZ_GRP_DS":"PACIFIC","COU_ID":"WS","COU_NM":"SAMOA"},
{"WGZ_GRP_ID":"EUROPE","WGZ_GRP_DS":"EUROPE","COU_ID":"YK","COU_NM":"KOSOVO"},
{"WGZ_GRP_ID":"AFRICA","WGZ_GRP_DS":"AFRICA","COU_ID":"YT","COU_NM":"MAYOTTE"},
{"WGZ_GRP_ID":"AFRICA","WGZ_GRP_DS":"AFRICA","COU_ID":"ZA","COU_NM":"SOUTH AFRICA"},
{"WGZ_GRP_ID":"AFRICA","WGZ_GRP_DS":"AFRICA","COU_ID":"ZM","COU_NM":"ZAMBIA"},
{"WGZ_GRP_ID":"AFRICA","WGZ_GRP_DS":"AFRICA","COU_ID":"ZW","COU_NM":"ZIMBABWE"},
{"WGZ_GRP_ID":"EUROPE","WGZ_GRP_DS":"EUROPE","COU_ID":"UA","COU_NM":"UKRAINE"},
{"WGZ_GRP_ID":"SAMERICA","WGZ_GRP_DS":"SOUTH AMERICA","COU_ID":"BO","COU_NM":"BOLIVIA PLURINATIONAL STATE OF"},
{"WGZ_GRP_ID":"MEAST","WGZ_GRP_DS":"MIDDLE EAST","COU_ID":"PS","COU_NM":"THE STATE OF PALESTINE"},
{"WGZ_GRP_ID":"EUROPE","WGZ_GRP_DS":"EUROPE","COU_ID":"MK","COU_NM":"NORTH MACEDONIA"},
{"WGZ_GRP_ID":"ASIA","WGZ_GRP_DS":"ASIA","COU_ID":"MO","COU_NM":"MACAO SAR (CHINA)"},
{"WGZ_GRP_ID":"ASIA","WGZ_GRP_DS":"ASIA","COU_ID":"TW","COU_NM":"TAIWAN (CHINA)"},
{"WGZ_GRP_ID":"ASIA","WGZ_GRP_DS":"ASIA","COU_ID":"HK","COU_NM":"HONG KONG SAR (CHINA)"},
{"WGZ_GRP_ID":"EUROPE","WGZ_GRP_DS":"EUROPE","COU_ID":"LV","COU_NM":"LATVIA"},
{"WGZ_GRP_ID":"EUROPE","WGZ_GRP_DS":"EUROPE","COU_ID":"ES","COU_NM":"SPAIN"},
{"WGZ_GRP_ID":"AFRICA","WGZ_GRP_DS":"AFRICA","COU_ID":"BW","COU_NM":"BOTSWANA"},
{"WGZ_GRP_ID":"CARIBBEAN","WGZ_GRP_DS":"CARIBBEAN","COU_ID":"BB","COU_NM":"BARBADOS"},
{"WGZ_GRP_ID":"AFRICA","WGZ_GRP_DS":"AFRICA","COU_ID":"AO","COU_NM":"ANGOLA"},
{"WGZ_GRP_ID":"CARIBBEAN","WGZ_GRP_DS":"CARIBBEAN","COU_ID":"AG","COU_NM":"ANTIGUA AND BARBUDA"},
{"WGZ_GRP_ID":"MEAST","WGZ_GRP_DS":"MIDDLE EAST","COU_ID":"AE","COU_NM":"UNITED ARAB EMIRATES"},
{"WGZ_GRP_ID":"EUROPE","WGZ_GRP_DS":"EUROPE","COU_ID":"AD","COU_NM":"ANDORRA"}
]