[
{"queryName":"Exceptions (YH)","year":2025,"month":8,"Country":"NL","recordCount":76631,"value01":"R","value02":null,"value03":null,"value04":null},
 {"queryName":"Exceptions (YH)","year":2025,"month":1,"Country":"SI","recordCount":117,"value01":"R","value02":null,"value03":null,"value04":null},
 {"queryName":"Exceptions (YH)","year":2025,"month":7,"Country":"NO","recordCount":115,"value01":"R","value02":null,"value03":null,"value04":null},
 {"queryName":"Exceptions (YH)","year":2025,"month":8,"Country":"AU","recordCount":567,"value01":"R","value02":null,"value03":null,"value04":null},
 {"queryName":"Exceptions (YH)","year":2025,"month":11,"Country":"NL","recordCount":39438,"value01":"R","value02":null,"value03":null,"value04":null},
 {"queryName":"Exceptions (YH)","year":2025,"month":5,"Country":"NL","recordCount":121068,"value01":"R","value02":null,"value03":null,"value04":null},
 {"queryName":"Exceptions (YH)","year":2025,"month":1,"Country":"IT","recordCount":21048,"value01":"R","value02":null,"value03":null,"value04":null},
 {"queryName":"Exceptions (YH)","year":2025,"month":5,"Country":"TH","recordCount":1374,"value01":"R","value02":null,"value03":null,"value04":null},
 {"queryName":"Exceptions (YH)","year":2025,"month":2,"Country":"SG","recordCount":3662,"value01":"R","value02":null,"value03":null,"value04":null},
 {"queryName":"Exceptions (YH)","year":2025,"month":6,"Country":"MY","recordCount":76,"value01":"R","value02":null,"value03":null,"value04":null},
 {"queryName":"Exceptions (YH)","year":2025,"month":7,"Country":"BE","recordCount":5554,"value01":"R","value02":null,"value03":null,"value04":null},
 {"queryName":"Exceptions (YH)","year":2025,"month":2,"Country":null,"recordCount":88419,"value01":"B","value02":null,"value03":null,"value04":null},
 {"queryName":"Exceptions (YH)","year":2025,"month":4,"Country":"NZ","recordCount":2,"value01":"R","value02":null,"value03":null,"value04":null},
 {"queryName":"Exceptions (YH)","year":2025,"month":9,"Country":"MY","recordCount":2836,"value01":"R","value02":null,"value03":null,"value04":null},
 {"queryName":"Exceptions (YH)","year":2025,"month":9,"Country":"AT","recordCount":728,"value01":"R","value02":null,"value03":null,"value04":null},
 {"queryName":"Exceptions (YH)","year":2025,"month":6,"Country":"IE","recordCount":6607,"value01":"R","value02":null,"value03":null,"value04":null},
 {"queryName":"Exceptions (YH)","year":2025,"month":5,"Country":"GR","recordCount":64,"value01":"R","value02":null,"value03":null,"value04":null},
 {"queryName":"Exceptions (YH)","year":2025,"month":9,"Country":"SK","recordCount":30158,"value01":"R","value02":null,"value03":null,"value04":null},
 {"queryName":"Exceptions (YH)","year":2025,"month":3,"Country":"KW","recordCount":72,"value01":"R","value02":null,"value03":null,"value04":null},
 {"queryName":"Exceptions (YH)","year":2025,"month":6,"Country":"IL","recordCount":23,"value01":"R","value02":null,"value03":null,"value04":null},
 {"queryName":"Exceptions (YH)","year":2025,"month":11,"Country":"EG","recordCount":3,"value01":"R","value02":null,"value03":null,"value04":null},
 {"queryName":"Exceptions (YH)","year":2025,"month":4,"Country":"DK","recordCount":201,"value01":"R","value02":null,"value03":null,"value04":null},
 {"queryName":"Exceptions (YH)","year":2025,"month":11,"Country":"ID","recordCount":3,"value01":"R","value02":null,"value03":null,"value04":null},
 {"queryName":"Exceptions (YH)","year":2025,"month":1,"Country":"CZ","recordCount":5250,"value01":"R","value02":null,"value03":null,"value04":null},
 {"queryName":"Exceptions (YH)","year":2025,"month":5,"Country":"KW","recordCount":48,"value01":"R","value02":null,"value03":null,"value04":null},
 {"queryName":"Exceptions (YH)","year":2025,"month":9,"Country":"KW","recordCount":73,"value01":"R","value02":null,"value03":null,"value04":null},
 {"queryName":"Exceptions (YH)","year":2025,"month":6,"Country":"SA","recordCount":53,"value01":"R","value02":null,"value03":null,"value04":null},
 {"queryName":"Exceptions (YH)","year":2025,"month":5,"Country":null,"recordCount":26504,"value01":"R","value02":null,"value03":null,"value04":null},
 {"queryName":"Exceptions (YH)","year":2025,"month":7,"Country":"LT","recordCount":5,"value01":"R","value02":null,"value03":null,"value04":null},
 {"queryName":"Exceptions (YH)","year":2025,"month":1,"Country":"DK","recordCount":500,"value01":"R","value02":null,"value03":null,"value04":null},
 {"queryName":"Exceptions (YH)","year":2025,"month":11,"Country":"HK","recordCount":202,"value01":"R","value02":null,"value03":null,"value04":null},
 {"queryName":"Exceptions (YH)","year":2025,"month":2,"Country":"BT","recordCount":19,"value01":"R","value02":null,"value03":null,"value04":null},
 {"queryName":"Exceptions (YH)","year":2025,"month":2,"Country":"LV","recordCount":63,"value01":"R","value02":null,"value03":null,"value04":null},
 {"queryName":"Exceptions (YH)","year":2025,"month":2,"Country":"SI","recordCount":27,"value01":"R","value02":null,"value03":null,"value04":null},
 {"queryName":"Exceptions (YH)","year":2025,"month":10,"Country":"FI","recordCount":278,"value01":"R","value02":null,"value03":null,"value04":null},
 {"queryName":"Exceptions (YH)","year":2025,"month":6,"Country":"LV","recordCount":45,"value01":"R","value02":null,"value03":null,"value04":null},
 {"queryName":"Exceptions (YH)","year":2025,"month":6,"Country":"LU","recordCount":168,"value01":"R","value02":null,"value03":null,"value04":null},
 {"queryName":"Exceptions (YH)","year":2025,"month":7,"Country":"JO","recordCount":3,"value01":"R","value02":null,"value03":null,"value04":null},
 {"queryName":"Exceptions (YH)","year":2025,"month":1,"Country":"NO","recordCount":184,"value01":"R","value02":null,"value03":null,"value04":null},
 {"queryName":"Exceptions (YH)","year":2025,"month":6,"Country":"PT","recordCount":1740,"value01":"R","value02":null,"value03":null,"value04":null},
 {"queryName":"Exceptions (YH)","year":2025,"month":6,"Country":"ID","recordCount":24,"value01":"R","value02":null,"value03":null,"value04":null},
 {"queryName":"Exceptions (YH)","year":2025,"month":11,"Country":"IN","recordCount":18,"value01":"R","value02":null,"value03":null,"value04":null},
 {"queryName":"Exceptions (YH)","year":2025,"month":7,"Country":"VN","recordCount":5,"value01":"R","value02":null,"value03":null,"value04":null},
 {"queryName":"Exceptions (YH)","year":2025,"month":3,"Country":"PT","recordCount":40441,"value01":"R","value02":null,"value03":null,"value04":null},
 {"queryName":"Exceptions (YH)","year":2025,"month":5,"Country":"EE","recordCount":380,"value01":"R","value02":null,"value03":null,"value04":null},
 {"queryName":"Exceptions (YH)","year":2025,"month":9,"Country":"TR","recordCount":1293,"value01":"R","value02":null,"value03":null,"value04":null},
 {"queryName":"Exceptions (YH)","year":2025,"month":4,"Country":"EG","recordCount":7,"value01":"R","value02":null,"value03":null,"value04":null},
 {"queryName":"Exceptions (YH)","year":2025,"month":6,"Country":"NO","recordCount":142,"value01":"R","value02":null,"value03":null,"value04":null},
 {"queryName":"Exceptions (YH)","year":2025,"month":4,"Country":"SK","recordCount":48362,"value01":"R","value02":null,"value03":null,"value04":null},
 {"queryName":"Exceptions (YH)","year":2025,"month":3,"Country":"CZ","recordCount":9141,"value01":"R","value02":null,"value03":null,"value04":null},
 {"queryName":"Exceptions (YH)","year":2025,"month":4,"Country":"NL","recordCount":108326,"value01":"R","value02":null,"value03":null,"value04":null},
 {"queryName":"Exceptions (YH)","year":2025,"month":9,"Country":"GB","recordCount":6183,"value01":"R","value02":null,"value03":null,"value04":null},
 {"queryName":"Exceptions (YH)","year":2025,"month":4,"Country":"BH","recordCount":42,"value01":"R","value02":null,"value03":null,"value04":null},
 {"queryName":"Exceptions (YH)","year":2025,"month":4,"Country":"FI","recordCount":316,"value01":"R","value02":null,"value03":null,"value04":null},
 {"queryName":"Exceptions (YH)","year":2025,"month":11,"Country":"CZ","recordCount":2529,"value01":"R","value02":null,"value03":null,"value04":null},
 {"queryName":"Exceptions (YH)","year":2025,"month":8,"Country":"IT","recordCount":6113,"value01":"R","value02":null,"value03":null,"value04":null},
 {"queryName":"Exceptions (YH)","year":2025,"month":1,"Country":"HU","recordCount":82,"value01":"R","value02":null,"value03":null,"value04":null},
 {"queryName":"Exceptions (YH)","year":2025,"month":4,"Country":"ES","recordCount":8896,"value01":"R","value02":null,"value03":null,"value04":null},
 {"queryName":"Exceptions (YH)","year":2025,"month":10,"Country":"NZ","recordCount":2,"value01":"R","value02":null,"value03":null,"value04":null},
 {"queryName":"Exceptions (YH)","year":2025,"month":9,"Country":"SI","recordCount":8,"value01":"R","value02":null,"value03":null,"value04":null},
 {"queryName":"Exceptions (YH)","year":2025,"month":6,"Country":"ZA","recordCount":255,"value01":"R","value02":null,"value03":null,"value04":null},
 {"queryName":"Exceptions (YH)","year":2025,"month":1,"Country":"BT","recordCount":25,"value01":"R","value02":null,"value03":null,"value04":null},
 {"queryName":"Exceptions (YH)","year":2025,"month":10,"Country":null,"recordCount":70461,"value01":"B","value02":null,"value03":null,"value04":null},
 {"queryName":"Exceptions (YH)","year":2025,"month":1,"Country":"NA","recordCount":2,"value01":"R","value02":null,"value03":null,"value04":null},
 {"queryName":"Exceptions (YH)","year":2025,"month":7,"Country":"CN","recordCount":78,"value01":"R","value02":null,"value03":null,"value04":null},
 {"queryName":"Exceptions (YH)","year":2025,"month":8,"Country":"LV","recordCount":48,"value01":"R","value02":null,"value03":null,"value04":null},
 {"queryName":"Exceptions (YH)","year":2025,"month":4,"Country":"SA","recordCount":40,"value01":"R","value02":null,"value03":null,"value04":null},
 {"queryName":"Exceptions (YH)","year":2025,"month":2,"Country":"FI","recordCount":219,"value01":"R","value02":null,"value03":null,"value04":null},
 {"queryName":"Exceptions (YH)","year":2025,"month":4,"Country":"SI","recordCount":3,"value01":"R","value02":null,"value03":null,"value04":null},
 {"queryName":"Exceptions (YH)","year":2025,"month":9,"Country":"JP","recordCount":27,"value01":"R","value02":null,"value03":null,"value04":null},
 {"queryName":"Exceptions (YH)","year":2025,"month":3,"Country":"GB","recordCount":9162,"value01":"R","value02":null,"value03":null,"value04":null},
 {"queryName":"Exceptions (YH)","year":2025,"month":2,"Country":null,"recordCount":15613,"value01":"I","value02":null,"value03":null,"value04":null},
 {"queryName":"Exceptions (YH)","year":2025,"month":4,"Country":"LV","recordCount":98,"value01":"R","value02":null,"value03":null,"value04":null},
 {"queryName":"Exceptions (YH)","year":2025,"month":4,"Country":"AT","recordCount":856,"value01":"R","value02":null,"value03":null,"value04":null},
 {"queryName":"Exceptions (YH)","year":2025,"month":8,"Country":"MY","recordCount":1446,"value01":"R","value02":null,"value03":null,"value04":null},
 {"queryName":"Exceptions (YH)","year":2025,"month":3,"Country":"BH","recordCount":39,"value01":"R","value02":null,"value03":null,"value04":null},
 {"queryName":"Exceptions (YH)","year":2025,"month":10,"Country":"NL","recordCount":119751,"value01":"R","value02":null,"value03":null,"value04":null},
 {"queryName":"Exceptions (YH)","year":2025,"month":1,"Country":"KW","recordCount":74,"value01":"R","value02":null,"value03":null,"value04":null},
 {"queryName":"Exceptions (YH)","year":2025,"month":4,"Country":"TH","recordCount":1239,"value01":"R","value02":null,"value03":null,"value04":null},
 {"queryName":"Exceptions (YH)","year":2025,"month":2,"Country":"SK","recordCount":91382,"value01":"R","value02":null,"value03":null,"value04":null},
 {"queryName":"Exceptions (YH)","year":2025,"month":10,"Country":"ZA","recordCount":238,"value01":"R","value02":null,"value03":null,"value04":null},
 {"queryName":"Exceptions (YH)","year":2025,"month":5,"Country":"SA","recordCount":70,"value01":"R","value02":null,"value03":null,"value04":null},
 {"queryName":"Exceptions (YH)","year":2025,"month":1,"Country":"ES","recordCount":8107,"value01":"R","value02":null,"value03":null,"value04":null},
 {"queryName":"Exceptions (YH)","year":2025,"month":5,"Country":"RO","recordCount":291,"value01":"R","value02":null,"value03":null,"value04":null},
 {"queryName":"Exceptions (YH)","year":2025,"month":11,"Country":"DK","recordCount":73,"value01":"R","value02":null,"value03":null,"value04":null},
 {"queryName":"Exceptions (YH)","year":2025,"month":11,"Country":"IT","recordCount":2048,"value01":"R","value02":null,"value03":null,"value04":null},
 {"queryName":"Exceptions (YH)","year":2025,"month":2,"Country":"BE","recordCount":9081,"value01":"R","value02":null,"value03":null,"value04":null},
 {"queryName":"Exceptions (YH)","year":2025,"month":6,"Country":"CN","recordCount":71,"value01":"R","value02":null,"value03":null,"value04":null},
 {"queryName":"Exceptions (YH)","year":2025,"month":1,"Country":"KE","recordCount":1,"value01":"R","value02":null,"value03":null,"value04":null},
 {"queryName":"Exceptions (YH)","year":2025,"month":6,"Country":"KR","recordCount":30,"value01":"R","value02":null,"value03":null,"value04":null},
 {"queryName":"Exceptions (YH)","year":2025,"month":6,"Country":"CY","recordCount":3500,"value01":"R","value02":null,"value03":null,"value04":null},
 {"queryName":"Exceptions (YH)","year":2025,"month":5,"Country":"KR","recordCount":40,"value01":"R","value02":null,"value03":null,"value04":null},
 {"queryName":"Exceptions (YH)","year":2025,"month":11,"Country":"TW","recordCount":2,"value01":"R","value02":null,"value03":null,"value04":null},
 {"queryName":"Exceptions (YH)","year":2025,"month":10,"Country":"CY","recordCount":508,"value01":"R","value02":null,"value03":null,"value04":null},
 {"queryName":"Exceptions (YH)","year":2025,"month":1,"Country":"MY","recordCount":88,"value01":"R","value02":null,"value03":null,"value04":null},
 {"queryName":"Exceptions (YH)","year":2025,"month":1,"Country":"JP","recordCount":31,"value01":"R","value02":null,"value03":null,"value04":null},
 {"queryName":"Exceptions (YH)","year":2025,"month":11,"Country":"TM","recordCount":1,"value01":"R","value02":null,"value03":null,"value04":null},
 {"queryName":"Exceptions (YH)","year":2025,"month":10,"Country":"TW","recordCount":7,"value01":"R","value02":null,"value03":null,"value04":null},
 {"queryName":"Exceptions (YH)","year":2025,"month":6,"Country":"SI","recordCount":4,"value01":"R","value02":null,"value03":null,"value04":null},
 {"queryName":"Exceptions (YH)","year":2025,"month":6,"Country":"TM","recordCount":10,"value01":"R","value02":null,"value03":null,"value04":null},
 {"queryName":"Exceptions (YH)","year":2025,"month":3,"Country":"LV","recordCount":69,"value01":"R","value02":null,"value03":null,"value04":null},
 {"queryName":"Exceptions (YH)","year":2025,"month":1,"Country":"FR","recordCount":40364,"value01":"R","value02":null,"value03":null,"value04":null},
 {"queryName":"Exceptions (YH)","year":2025,"month":9,"Country":"AE","recordCount":412,"value01":"R","value02":null,"value03":null,"value04":null},
 {"queryName":"Exceptions (YH)","year":2025,"month":7,"Country":"PL","recordCount":3504,"value01":"R","value02":null,"value03":null,"value04":null},
 {"queryName":"Exceptions (YH)","year":2025,"month":5,"Country":"LU","recordCount":188,"value01":"R","value02":null,"value03":null,"value04":null},
 {"queryName":"Exceptions (YH)","year":2025,"month":9,"Country":"NO","recordCount":125,"value01":"R","value02":null,"value03":null,"value04":null},
 {"queryName":"Exceptions (YH)","year":2025,"month":7,"Country":"TM","recordCount":7,"value01":"R","value02":null,"value03":null,"value04":null},
 {"queryName":"Exceptions (YH)","year":2025,"month":8,"Country":"SG","recordCount":3274,"value01":"R","value02":null,"value03":null,"value04":null},
 {"queryName":"Exceptions (YH)","year":2025,"month":3,"Country":"SI","recordCount":7,"value01":"R","value02":null,"value03":null,"value04":null},
 {"queryName":"Exceptions (YH)","year":2025,"month":3,"Country":null,"recordCount":16677,"value01":"I","value02":null,"value03":null,"value04":null},
 {"queryName":"Exceptions (YH)","year":2025,"month":8,"Country":"EG","recordCount":17,"value01":"R","value02":null,"value03":null,"value04":null},
 {"queryName":"Exceptions (YH)","year":2025,"month":5,"Country":"ES","recordCount":8100,"value01":"R","value02":null,"value03":null,"value04":null},
 {"queryName":"Exceptions (YH)","year":2025,"month":5,"Country":"IT","recordCount":5247,"value01":"R","value02":null,"value03":null,"value04":null},
 {"queryName":"Exceptions (YH)","year":2025,"month":3,"Country":"EE","recordCount":339,"value01":"R","value02":null,"value03":null,"value04":null},
 {"queryName":"Exceptions (YH)","year":2025,"month":9,"Country":"SA","recordCount":86,"value01":"R","value02":null,"value03":null,"value04":null},
 {"queryName":"Exceptions (YH)","year":2025,"month":11,"Country":"CY","recordCount":440,"value01":"R","value02":null,"value03":null,"value04":null},
 {"queryName":"Exceptions (YH)","year":2025,"month":10,"Country":"VN","recordCount":12,"value01":"R","value02":null,"value03":null,"value04":null},
 {"queryName":"Exceptions (YH)","year":2025,"month":7,"Country":"CL","recordCount":25,"value01":"R","value02":null,"value03":null,"value04":null},
 {"queryName":"Exceptions (YH)","year":2025,"month":4,"Country":"ID","recordCount":15,"value01":"R","value02":null,"value03":null,"value04":null},
 {"queryName":"Exceptions (YH)","year":2025,"month":7,"Country":"CZ","recordCount":9287,"value01":"R","value02":null,"value03":null,"value04":null},
 {"queryName":"Exceptions (YH)","year":2025,"month":3,"Country":"IE","recordCount":6665,"value01":"R","value02":null,"value03":null,"value04":null},
 {"queryName":"Exceptions (YH)","year":2025,"month":8,"Country":"CY","recordCount":4139,"value01":"R","value02":null,"value03":null,"value04":null},
 {"queryName":"Exceptions (YH)","year":2025,"month":6,"Country":"HU","recordCount":125,"value01":"R","value02":null,"value03":null,"value04":null},
 {"queryName":"Exceptions (YH)","year":2025,"month":11,"Country":"ES","recordCount":2777,"value01":"R","value02":null,"value03":null,"value04":null},
 {"queryName":"Exceptions (YH)","year":2025,"month":2,"Country":"HK","recordCount":187,"value01":"R","value02":null,"value03":null,"value04":null},
 {"queryName":"Exceptions (YH)","year":2025,"month":2,"Country":"SA","recordCount":65,"value01":"R","value02":null,"value03":null,"value04":null},
 {"queryName":"Exceptions (YH)","year":2025,"month":5,"Country":"UA","recordCount":47,"value01":"R","value02":null,"value03":null,"value04":null},
 {"queryName":"Exceptions (YH)","year":2025,"month":10,"Country":"ES","recordCount":8054,"value01":"R","value02":null,"value03":null,"value04":null},
 {"queryName":"Exceptions (YH)","year":2025,"month":2,"Country":"PT","recordCount":55528,"value01":"R","value02":null,"value03":null,"value04":null},
 {"queryName":"Exceptions (YH)","year":2025,"month":1,"Country":null,"recordCount":99891,"value01":"B","value02":null,"value03":null,"value04":null},
 {"queryName":"Exceptions (YH)","year":2025,"month":7,"Country":"TW","recordCount":8,"value01":"R","value02":null,"value03":null,"value04":null},
 {"queryName":"Exceptions (YH)","year":2025,"month":11,"Country":"RO","recordCount":131,"value01":"R","value02":null,"value03":null,"value04":null},
 {"queryName":"Exceptions (YH)","year":2025,"month":10,"Country":"GR","recordCount":44,"value01":"R","value02":null,"value03":null,"value04":null},
 {"queryName":"Exceptions (YH)","year":2025,"month":2,"Country":"HU","recordCount":100,"value01":"R","value02":null,"value03":null,"value04":null},
 {"queryName":"Exceptions (YH)","year":2025,"month":2,"Country":"KW","recordCount":64,"value01":"R","value02":null,"value03":null,"value04":null},
 {"queryName":"Exceptions (YH)","year":2025,"month":5,"Country":"SK","recordCount":79555,"value01":"R","value02":null,"value03":null,"value04":null},
 {"queryName":"Exceptions (YH)","year":2025,"month":7,"Country":"BT","recordCount":15,"value01":"R","value02":null,"value03":null,"value04":null},
 {"queryName":"Exceptions (YH)","year":2025,"month":10,"Country":"PT","recordCount":1878,"value01":"R","value02":null,"value03":null,"value04":null},
 {"queryName":"Exceptions (YH)","year":2025,"month":2,"Country":"IT","recordCount":7484,"value01":"R","value02":null,"value03":null,"value04":null},
 {"queryName":"Exceptions (YH)","year":2025,"month":8,"Country":"AE","recordCount":137,"value01":"R","value02":null,"value03":null,"value04":null},
 {"queryName":"Exceptions (YH)","year":2025,"month":1,"Country":"EG","recordCount":8,"value01":"R","value02":null,"value03":null,"value04":null},
 {"queryName":"Exceptions (YH)","year":2025,"month":10,"Country":null,"recordCount":13148,"value01":"I","value02":null,"value03":null,"value04":null},
 {"queryName":"Exceptions (YH)","year":2025,"month":2,"Country":"DK","recordCount":269,"value01":"R","value02":null,"value03":null,"value04":null},
 {"queryName":"Exceptions (YH)","year":2025,"month":2,"Country":"VN","recordCount":8,"value01":"R","value02":null,"value03":null,"value04":null},
 {"queryName":"Exceptions (YH)","year":2025,"month":1,"Country":"TH","recordCount":1104,"value01":"R","value02":null,"value03":null,"value04":null},
 {"queryName":"Exceptions (YH)","year":2025,"month":10,"Country":"CZ","recordCount":11139,"value01":"R","value02":null,"value03":null,"value04":null},
 {"queryName":"Exceptions (YH)","year":2025,"month":10,"Country":"IL","recordCount":35,"value01":"R","value02":null,"value03":null,"value04":null},
 {"queryName":"Exceptions (YH)","year":2025,"month":7,"Country":"SI","recordCount":4,"value01":"R","value02":null,"value03":null,"value04":null},
 {"queryName":"Exceptions (YH)","year":2025,"month":6,"Country":"BE","recordCount":5065,"value01":"R","value02":null,"value03":null,"value04":null},
 {"queryName":"Exceptions (YH)","year":2025,"month":7,"Country":"NZ","recordCount":4,"value01":"R","value02":null,"value03":null,"value04":null},
 {"queryName":"Exceptions (YH)","year":2025,"month":7,"Country":"FR","recordCount":29096,"value01":"R","value02":null,"value03":null,"value04":null},
 {"queryName":"Exceptions (YH)","year":2025,"month":1,"Country":"SK","recordCount":68385,"value01":"R","value02":null,"value03":null,"value04":null},
 {"queryName":"Exceptions (YH)","year":2025,"month":2,"Country":"CN","recordCount":78,"value01":"R","value02":null,"value03":null,"value04":null},
 {"queryName":"Exceptions (YH)","year":2025,"month":2,"Country":"EE","recordCount":333,"value01":"R","value02":null,"value03":null,"value04":null},
 {"queryName":"Exceptions (YH)","year":2025,"month":2,"Country":"IL","recordCount":35,"value01":"R","value02":null,"value03":null,"value04":null},
 {"queryName":"Exceptions (YH)","year":2025,"month":4,"Country":"EE","recordCount":329,"value01":"R","value02":null,"value03":null,"value04":null},
 {"queryName":"Exceptions (YH)","year":2025,"month":9,"Country":null,"recordCount":24660,"value01":"R","value02":null,"value03":null,"value04":null},
 {"queryName":"Exceptions (YH)","year":2025,"month":8,"Country":"TR","recordCount":1196,"value01":"R","value02":null,"value03":null,"value04":null},
 {"queryName":"Exceptions (YH)","year":2025,"month":4,"Country":"PH","recordCount":1,"value01":"R","value02":null,"value03":null,"value04":null},
 {"queryName":"Exceptions (YH)","year":2025,"month":4,"Country":null,"recordCount":31635,"value01":"R","value02":null,"value03":null,"value04":null},
 {"queryName":"Exceptions (YH)","year":2025,"month":10,"Country":"SI","recordCount":9,"value01":"R","value02":null,"value03":null,"value04":null},
 {"queryName":"Exceptions (YH)","year":2025,"month":9,"Country":"CN","recordCount":55,"value01":"R","value02":null,"value03":null,"value04":null},
 {"queryName":"Exceptions (YH)","year":2025,"month":9,"Country":"BG","recordCount":10051,"value01":"R","value02":null,"value03":null,"value04":null},
 {"queryName":"Exceptions (YH)","year":2025,"month":8,"Country":"GB","recordCount":6381,"value01":"R","value02":null,"value03":null,"value04":null},
 {"queryName":"Exceptions (YH)","year":2025,"month":8,"Country":"ZA","recordCount":165,"value01":"R","value02":null,"value03":null,"value04":null},
 {"queryName":"Exceptions (YH)","year":2025,"month":9,"Country":"RO","recordCount":288,"value01":"R","value02":null,"value03":null,"value04":null},
 {"queryName":"Exceptions (YH)","year":2025,"month":11,"Country":"KR","recordCount":14,"value01":"R","value02":null,"value03":null,"value04":null},
 {"queryName":"Exceptions (YH)","year":2025,"month":3,"Country":"CL","recordCount":17,"value01":"R","value02":null,"value03":null,"value04":null},
 {"queryName":"Exceptions (YH)","year":2025,"month":7,"Country":"SE","recordCount":5095,"value01":"R","value02":null,"value03":null,"value04":null},
 {"queryName":"Exceptions (YH)","year":2025,"month":8,"Country":"KR","recordCount":26,"value01":"R","value02":null,"value03":null,"value04":null},
 {"queryName":"Exceptions (YH)","year":2025,"month":8,"Country":"EE","recordCount":359,"value01":"R","value02":null,"value03":null,"value04":null},
 {"queryName":"Exceptions (YH)","year":2025,"month":5,"Country":"FJ","recordCount":15,"value01":"R","value02":null,"value03":null,"value04":null},
 {"queryName":"Exceptions (YH)","year":2025,"month":11,"Country":"AE","recordCount":247,"value01":"R","value02":null,"value03":null,"value04":null},
 {"queryName":"Exceptions (YH)","year":2025,"month":2,"Country":"KE","recordCount":1,"value01":"R","value02":null,"value03":null,"value04":null},
 {"queryName":"Exceptions (YH)","year":2025,"month":6,"Country":"TR","recordCount":1354,"value01":"R","value02":null,"value03":null,"value04":null},
 {"queryName":"Exceptions (YH)","year":2025,"month":10,"Country":"UA","recordCount":69,"value01":"R","value02":null,"value03":null,"value04":null},
 {"queryName":"Exceptions (YH)","year":2025,"month":4,"Country":"LU","recordCount":227,"value01":"R","value02":null,"value03":null,"value04":null},
 {"queryName":"Exceptions (YH)","year":2025,"month":9,"Country":"BE","recordCount":2887,"value01":"R","value02":null,"value03":null,"value04":null},
 {"queryName":"Exceptions (YH)","year":2025,"month":5,"Country":"FR","recordCount":33051,"value01":"R","value02":null,"value03":null,"value04":null},
 {"queryName":"Exceptions (YH)","year":2025,"month":1,"Country":"NL","recordCount":96012,"value01":"R","value02":null,"value03":null,"value04":null},
 {"queryName":"Exceptions (YH)","year":2025,"month":6,"Country":"IT","recordCount":7489,"value01":"R","value02":null,"value03":null,"value04":null},
 {"queryName":"Exceptions (YH)","year":2025,"month":4,"Country":"LT","recordCount":5,"value01":"R","value02":null,"value03":null,"value04":null},
 {"queryName":"Exceptions (YH)","year":2025,"month":8,"Country":"GR","recordCount":47,"value01":"R","value02":null,"value03":null,"value04":null},
 {"queryName":"Exceptions (YH)","year":2025,"month":7,"Country":"LU","recordCount":205,"value01":"R","value02":null,"value03":null,"value04":null},
 {"queryName":"Exceptions (YH)","year":2025,"month":9,"Country":"TH","recordCount":1047,"value01":"R","value02":null,"value03":null,"value04":null},
 {"queryName":"Exceptions (YH)","year":2025,"month":1,"Country":"TM","recordCount":4,"value01":"R","value02":null,"value03":null,"value04":null},
 {"queryName":"Exceptions (YH)","year":2025,"month":1,"Country":"LT","recordCount":11,"value01":"R","value02":null,"value03":null,"value04":null},
 {"queryName":"Exceptions (YH)","year":2025,"month":10,"Country":"RO","recordCount":263,"value01":"R","value02":null,"value03":null,"value04":null},
 {"queryName":"Exceptions (YH)","year":2025,"month":6,"Country":"SG","recordCount":2975,"value01":"R","value02":null,"value03":null,"value04":null},
 {"queryName":"Exceptions (YH)","year":2025,"month":2,"Country":"TH","recordCount":1187,"value01":"R","value02":null,"value03":null,"value04":null},
 {"queryName":"Exceptions (YH)","year":2025,"month":2,"Country":"PH","recordCount":1,"value01":"R","value02":null,"value03":null,"value04":null},
 {"queryName":"Exceptions (YH)","year":2025,"month":5,"Country":"SE","recordCount":5460,"value01":"R","value02":null,"value03":null,"value04":null},
 {"queryName":"Exceptions (YH)","year":2025,"month":7,"Country":"IT","recordCount":7929,"value01":"R","value02":null,"value03":null,"value04":null},
 {"queryName":"Exceptions (YH)","year":2025,"month":8,"Country":"SK","recordCount":30501,"value01":"R","value02":null,"value03":null,"value04":null},
 {"queryName":"Exceptions (YH)","year":2025,"month":7,"Country":"BH","recordCount":34,"value01":"R","value02":null,"value03":null,"value04":null},
 {"queryName":"Exceptions (YH)","year":2025,"month":1,"Country":"FI","recordCount":292,"value01":"R","value02":null,"value03":null,"value04":null},
 {"queryName":"Exceptions (YH)","year":2025,"month":7,"Country":"FI","recordCount":242,"value01":"R","value02":null,"value03":null,"value04":null},
 {"queryName":"Exceptions (YH)","year":2025,"month":6,"Country":"GB","recordCount":10395,"value01":"R","value02":null,"value03":null,"value04":null},
 {"queryName":"Exceptions (YH)","year":2025,"month":9,"Country":"IL","recordCount":38,"value01":"R","value02":null,"value03":null,"value04":null},
 {"queryName":"Exceptions (YH)","year":2025,"month":9,"Country":"HK","recordCount":281,"value01":"R","value02":null,"value03":null,"value04":null},
 {"queryName":"Exceptions (YH)","year":2025,"month":10,"Country":"LV","recordCount":51,"value01":"R","value02":null,"value03":null,"value04":null},
 {"queryName":"Exceptions (YH)","year":2025,"month":9,"Country":"DK","recordCount":186,"value01":"R","value02":null,"value03":null,"value04":null},
 {"queryName":"Exceptions (YH)","year":2025,"month":3,"Country":"MT","recordCount":1,"value01":"R","value02":null,"value03":null,"value04":null},
 {"queryName":"Exceptions (YH)","year":2025,"month":11,"Country":"LV","recordCount":20,"value01":"R","value02":null,"value03":null,"value04":null},
 {"queryName":"Exceptions (YH)","year":2025,"month":6,"Country":"NZ","recordCount":7,"value01":"R","value02":null,"value03":null,"value04":null},
 {"queryName":"Exceptions (YH)","year":2025,"month":2,"Country":"AT","recordCount":2404,"value01":"R","value02":null,"value03":null,"value04":null},
 {"queryName":"Exceptions (YH)","year":2025,"month":9,"Country":"FJ","recordCount":4,"value01":"R","value02":null,"value03":null,"value04":null},
 {"queryName":"Exceptions (YH)","year":2025,"month":11,"Country":"SA","recordCount":21,"value01":"R","value02":null,"value03":null,"value04":null},
 {"queryName":"Exceptions (YH)","year":2025,"month":1,"Country":"BE","recordCount":8307,"value01":"R","value02":null,"value03":null,"value04":null},
 {"queryName":"Exceptions (YH)","year":2025,"month":2,"Country":"RO","recordCount":279,"value01":"R","value02":null,"value03":null,"value04":null},
 {"queryName":"Exceptions (YH)","year":2025,"month":3,"Country":"NZ","recordCount":14,"value01":"R","value02":null,"value03":null,"value04":null},
 {"queryName":"Exceptions (YH)","year":2025,"month":1,"Country":"AU","recordCount":518,"value01":"R","value02":null,"value03":null,"value04":null},
 {"queryName":"Exceptions (YH)","year":2025,"month":6,"Country":"TH","recordCount":730,"value01":"R","value02":null,"value03":null,"value04":null},
 {"queryName":"Exceptions (YH)","year":2025,"month":10,"Country":"GB","recordCount":11343,"value01":"R","value02":null,"value03":null,"value04":null},
 {"queryName":"Exceptions (YH)","year":2025,"month":1,"Country":"GR","recordCount":59,"value01":"R","value02":null,"value03":null,"value04":null},
 {"queryName":"Exceptions (YH)","year":2025,"month":9,"Country":"PL","recordCount":4462,"value01":"R","value02":null,"value03":null,"value04":null},
 {"queryName":"Exceptions (YH)","year":2025,"month":10,"Country":"BT","recordCount":13,"value01":"R","value02":null,"value03":null,"value04":null},
 {"queryName":"Exceptions (YH)","year":2025,"month":3,"Country":"BE","recordCount":4790,"value01":"R","value02":null,"value03":null,"value04":null},
 {"queryName":"Exceptions (YH)","year":2025,"month":9,"Country":"CZ","recordCount":8108,"value01":"R","value02":null,"value03":null,"value04":null},
 {"queryName":"Exceptions (YH)","year":2025,"month":11,"Country":"EE","recordCount":107,"value01":"R","value02":null,"value03":null,"value04":null},
 {"queryName":"Exceptions (YH)","year":2025,"month":5,"Country":null,"recordCount":16408,"value01":"I","value02":null,"value03":null,"value04":null},
 {"queryName":"Exceptions (YH)","year":2025,"month":8,"Country":"SI","recordCount":9,"value01":"R","value02":null,"value03":null,"value04":null},
 {"queryName":"Exceptions (YH)","year":2025,"month":9,"Country":"LV","recordCount":24,"value01":"R","value02":null,"value03":null,"value04":null},
 {"queryName":"Exceptions (YH)","year":2025,"month":4,"Country":"VN","recordCount":314,"value01":"R","value02":null,"value03":null,"value04":null},
 {"queryName":"Exceptions (YH)","year":2025,"month":2,"Country":"CL","recordCount":31,"value01":"R","value02":null,"value03":null,"value04":null},
 {"queryName":"Exceptions (YH)","year":2025,"month":4,"Country":"IE","recordCount":6507,"value01":"R","value02":null,"value03":null,"value04":null},
 {"queryName":"Exceptions (YH)","year":2025,"month":8,"Country":"KW","recordCount":79,"value01":"R","value02":null,"value03":null,"value04":null},
 {"queryName":"Exceptions (YH)","year":2025,"month":7,"Country":"GR","recordCount":65,"value01":"R","value02":null,"value03":null,"value04":null},
 {"queryName":"Exceptions (YH)","year":2025,"month":9,"Country":"IN","recordCount":196,"value01":"R","value02":null,"value03":null,"value04":null},
 {"queryName":"Exceptions (YH)","year":2025,"month":2,"Country":"ES","recordCount":20887,"value01":"R","value02":null,"value03":null,"value04":null},
 {"queryName":"Exceptions (YH)","year":2025,"month":5,"Country":"AT","recordCount":1162,"value01":"R","value02":null,"value03":null,"value04":null},
 {"queryName":"Exceptions (YH)","year":2025,"month":4,"Country":"IL","recordCount":26,"value01":"R","value02":null,"value03":null,"value04":null},
 {"queryName":"Exceptions (YH)","year":2025,"month":2,"Country":"TM","recordCount":6,"value01":"R","value02":null,"value03":null,"value04":null},
 {"queryName":"Exceptions (YH)","year":2025,"month":9,"Country":"SG","recordCount":2855,"value01":"R","value02":null,"value03":null,"value04":null},
 {"queryName":"Exceptions (YH)","year":2025,"month":3,"Country":null,"recordCount":32770,"value01":"R","value02":null,"value03":null,"value04":null},
 {"queryName":"Exceptions (YH)","year":2025,"month":2,"Country":"IN","recordCount":49,"value01":"R","value02":null,"value03":null,"value04":null},
 {"queryName":"Exceptions (YH)","year":2025,"month":5,"Country":"IL","recordCount":47,"value01":"R","value02":null,"value03":null,"value04":null},
 {"queryName":"Exceptions (YH)","year":2025,"month":8,"Country":"NZ","recordCount":2,"value01":"R","value02":null,"value03":null,"value04":null},
 {"queryName":"Exceptions (YH)","year":2025,"month":10,"Country":"AU","recordCount":531,"value01":"R","value02":null,"value03":null,"value04":null},
 {"queryName":"Exceptions (YH)","year":2025,"month":3,"Country":"CN","recordCount":76,"value01":"R","value02":null,"value03":null,"value04":null},
 {"queryName":"Exceptions (YH)","year":2025,"month":5,"Country":"JO","recordCount":3,"value01":"R","value02":null,"value03":null,"value04":null},
 {"queryName":"Exceptions (YH)","year":2025,"month":6,"Country":"DK","recordCount":179,"value01":"R","value02":null,"value03":null,"value04":null},
 {"queryName":"Exceptions (YH)","year":2025,"month":4,"Country":"TR","recordCount":1199,"value01":"R","value02":null,"value03":null,"value04":null},
 {"queryName":"Exceptions (YH)","year":2025,"month":11,"Country":"TR","recordCount":406,"value01":"R","value02":null,"value03":null,"value04":null},
 {"queryName":"Exceptions (YH)","year":2025,"month":11,"Country":"AT","recordCount":280,"value01":"R","value02":null,"value03":null,"value04":null},
 {"queryName":"Exceptions (YH)","year":2025,"month":4,"Country":"BT","recordCount":14,"value01":"R","value02":null,"value03":null,"value04":null},
 {"queryName":"Exceptions (YH)","year":2025,"month":3,"Country":"LU","recordCount":254,"value01":"R","value02":null,"value03":null,"value04":null},
 {"queryName":"Exceptions (YH)","year":2025,"month":9,"Country":"SE","recordCount":5990,"value01":"R","value02":null,"value03":null,"value04":null},
 {"queryName":"Exceptions (YH)","year":2025,"month":3,"Country":"ES","recordCount":9571,"value01":"R","value02":null,"value03":null,"value04":null},
 {"queryName":"Exceptions (YH)","year":2025,"month":5,"Country":"IE","recordCount":7717,"value01":"R","value02":null,"value03":null,"value04":null},
 {"queryName":"Exceptions (YH)","year":2025,"month":1,"Country":null,"recordCount":50142,"value01":"R","value02":null,"value03":null,"value04":null},
 {"queryName":"Exceptions (YH)","year":2025,"month":5,"Country":"BG","recordCount":13864,"value01":"R","value02":null,"value03":null,"value04":null},
 {"queryName":"Exceptions (YH)","year":2025,"month":6,"Country":"BG","recordCount":2774,"value01":"R","value02":null,"value03":null,"value04":null},
 {"queryName":"Exceptions (YH)","year":2025,"month":4,"Country":"BG","recordCount":11627,"value01":"R","value02":null,"value03":null,"value04":null},
 {"queryName":"Exceptions (YH)","year":2025,"month":8,"Country":"BT","recordCount":18,"value01":"R","value02":null,"value03":null,"value04":null},
 {"queryName":"Exceptions (YH)","year":2025,"month":8,"Country":"DK","recordCount":211,"value01":"R","value02":null,"value03":null,"value04":null},
 {"queryName":"Exceptions (YH)","year":2025,"month":6,"Country":"FI","recordCount":273,"value01":"R","value02":null,"value03":null,"value04":null},
 {"queryName":"Exceptions (YH)","year":2025,"month":8,"Country":"JO","recordCount":3,"value01":"R","value02":null,"value03":null,"value04":null},
 {"queryName":"Exceptions (YH)","year":2025,"month":1,"Country":"VN","recordCount":4,"value01":"R","value02":null,"value03":null,"value04":null},
 {"queryName":"Exceptions (YH)","year":2025,"month":4,"Country":null,"recordCount":16882,"value01":"I","value02":null,"value03":null,"value04":null},
 {"queryName":"Exceptions (YH)","year":2025,"month":9,"Country":"BT","recordCount":17,"value01":"R","value02":null,"value03":null,"value04":null},
 {"queryName":"Exceptions (YH)","year":2025,"month":4,"Country":"PL","recordCount":5597,"value01":"R","value02":null,"value03":null,"value04":null},
 {"queryName":"Exceptions (YH)","year":2025,"month":8,"Country":"RO","recordCount":273,"value01":"R","value02":null,"value03":null,"value04":null},
 {"queryName":"Exceptions (YH)","year":2025,"month":9,"Country":"PH","recordCount":1,"value01":"R","value02":null,"value03":null,"value04":null},
 {"queryName":"Exceptions (YH)","year":2025,"month":3,"Country":"TH","recordCount":1209,"value01":"R","value02":null,"value03":null,"value04":null},
 {"queryName":"Exceptions (YH)","year":2025,"month":1,"Country":"NZ","recordCount":4,"value01":"R","value02":null,"value03":null,"value04":null},
 {"queryName":"Exceptions (YH)","year":2025,"month":4,"Country":"JP","recordCount":26,"value01":"R","value02":null,"value03":null,"value04":null},
 {"queryName":"Exceptions (YH)","year":2025,"month":7,"Country":"MY","recordCount":91,"value01":"R","value02":null,"value03":null,"value04":null},
 {"queryName":"Exceptions (YH)","year":2025,"month":7,"Country":"IN","recordCount":60,"value01":"R","value02":null,"value03":null,"value04":null},
 {"queryName":"Exceptions (YH)","year":2025,"month":7,"Country":"DK","recordCount":208,"value01":"R","value02":null,"value03":null,"value04":null},
 {"queryName":"Exceptions (YH)","year":2025,"month":6,"Country":"SE","recordCount":5186,"value01":"R","value02":null,"value03":null,"value04":null},
 {"queryName":"Exceptions (YH)","year":2025,"month":8,"Country":"ID","recordCount":9,"value01":"R","value02":null,"value03":null,"value04":null},
 {"queryName":"Exceptions (YH)","year":2025,"month":4,"Country":"CZ","recordCount":6626,"value01":"R","value02":null,"value03":null,"value04":null},
 {"queryName":"Exceptions (YH)","year":2025,"month":3,"Country":"SE","recordCount":5770,"value01":"R","value02":null,"value03":null,"value04":null},
 {"queryName":"Exceptions (YH)","year":2025,"month":9,"Country":"NL","recordCount":172441,"value01":"R","value02":null,"value03":null,"value04":null},
 {"queryName":"Exceptions (YH)","year":2025,"month":3,"Country":"NL","recordCount":136870,"value01":"R","value02":null,"value03":null,"value04":null},
 {"queryName":"Exceptions (YH)","year":2025,"month":1,"Country":"TW","recordCount":9,"value01":"R","value02":null,"value03":null,"value04":null},
 {"queryName":"Exceptions (YH)","year":2025,"month":6,"Country":"ES","recordCount":6574,"value01":"R","value02":null,"value03":null,"value04":null},
 {"queryName":"Exceptions (YH)","year":2025,"month":9,"Country":null,"recordCount":57258,"value01":"B","value02":null,"value03":null,"value04":null},
 {"queryName":"Exceptions (YH)","year":2025,"month":3,"Country":"UA","recordCount":49,"value01":"R","value02":null,"value03":null,"value04":null},
 {"queryName":"Exceptions (YH)","year":2025,"month":7,"Country":"PH","recordCount":3,"value01":"R","value02":null,"value03":null,"value04":null},
 {"queryName":"Exceptions (YH)","year":2025,"month":5,"Country":"SI","recordCount":4,"value01":"R","value02":null,"value03":null,"value04":null},
 {"queryName":"Exceptions (YH)","year":2025,"month":7,"Country":"CY","recordCount":9031,"value01":"R","value02":null,"value03":null,"value04":null},
 {"queryName":"Exceptions (YH)","year":2025,"month":4,"Country":"FR","recordCount":52753,"value01":"R","value02":null,"value03":null,"value04":null},
 {"queryName":"Exceptions (YH)","year":2025,"month":5,"Country":"DK","recordCount":212,"value01":"R","value02":null,"value03":null,"value04":null},
 {"queryName":"Exceptions (YH)","year":2025,"month":4,"Country":"AU","recordCount":517,"value01":"R","value02":null,"value03":null,"value04":null},
 {"queryName":"Exceptions (YH)","year":2025,"month":6,"Country":"NL","recordCount":112470,"value01":"R","value02":null,"value03":null,"value04":null},
 {"queryName":"Exceptions (YH)","year":2025,"month":9,"Country":"NZ","recordCount":2,"value01":"R","value02":null,"value03":null,"value04":null},
 {"queryName":"Exceptions (YH)","year":2025,"month":9,"Country":"TW","recordCount":12,"value01":"R","value02":null,"value03":null,"value04":null},
 {"queryName":"Exceptions (YH)","year":2025,"month":4,"Country":"ZA","recordCount":457,"value01":"R","value02":null,"value03":null,"value04":null},
 {"queryName":"Exceptions (YH)","year":2025,"month":6,"Country":"EE","recordCount":353,"value01":"R","value02":null,"value03":null,"value04":null},
 {"queryName":"Exceptions (YH)","year":2025,"month":1,"Country":"SA","recordCount":95,"value01":"R","value02":null,"value03":null,"value04":null},
 {"queryName":"Exceptions (YH)","year":2025,"month":10,"Country":"LU","recordCount":13,"value01":"R","value02":null,"value03":null,"value04":null},
 {"queryName":"Exceptions (YH)","year":2025,"month":4,"Country":null,"recordCount":84462,"value01":"B","value02":null,"value03":null,"value04":null},
 {"queryName":"Exceptions (YH)","year":2025,"month":11,"Country":"KW","recordCount":26,"value01":"R","value02":null,"value03":null,"value04":null},
 {"queryName":"Exceptions (YH)","year":2025,"month":5,"Country":"BT","recordCount":17,"value01":"R","value02":null,"value03":null,"value04":null},
 {"queryName":"Exceptions (YH)","year":2025,"month":4,"Country":"TM","recordCount":4,"value01":"R","value02":null,"value03":null,"value04":null},
 {"queryName":"Exceptions (YH)","year":2025,"month":7,"Country":"KR","recordCount":38,"value01":"R","value02":null,"value03":null,"value04":null},
 {"queryName":"Exceptions (YH)","year":2025,"month":3,"Country":"KR","recordCount":38,"value01":"R","value02":null,"value03":null,"value04":null},
 {"queryName":"Exceptions (YH)","year":2025,"month":10,"Country":"EE","recordCount":371,"value01":"R","value02":null,"value03":null,"value04":null},
 {"queryName":"Exceptions (YH)","year":2025,"month":6,"Country":"UA","recordCount":41,"value01":"R","value02":null,"value03":null,"value04":null},
 {"queryName":"Exceptions (YH)","year":2025,"month":6,"Country":"IN","recordCount":51,"value01":"R","value02":null,"value03":null,"value04":null},
 {"queryName":"Exceptions (YH)","year":2025,"month":5,"Country":null,"recordCount":114702,"value01":"B","value02":null,"value03":null,"value04":null},
 {"queryName":"Exceptions (YH)","year":2025,"month":5,"Country":"NO","recordCount":168,"value01":"R","value02":null,"value03":null,"value04":null},
 {"queryName":"Exceptions (YH)","year":2025,"month":2,"Country":"AE","recordCount":148,"value01":"R","value02":null,"value03":null,"value04":null},
 {"queryName":"Exceptions (YH)","year":2025,"month":10,"Country":"TH","recordCount":299,"value01":"R","value02":null,"value03":null,"value04":null},
 {"queryName":"Exceptions (YH)","year":2025,"month":4,"Country":"CN","recordCount":89,"value01":"R","value02":null,"value03":null,"value04":null},
 {"queryName":"Exceptions (YH)","year":2025,"month":11,"Country":"FI","recordCount":102,"value01":"R","value02":null,"value03":null,"value04":null},
 {"queryName":"Exceptions (YH)","year":2025,"month":4,"Country":"NO","recordCount":164,"value01":"R","value02":null,"value03":null,"value04":null},
 {"queryName":"Exceptions (YH)","year":2025,"month":3,"Country":"EG","recordCount":22,"value01":"R","value02":null,"value03":null,"value04":null},
 {"queryName":"Exceptions (YH)","year":2025,"month":11,"Country":"BH","recordCount":7,"value01":"R","value02":null,"value03":null,"value04":null},
 {"queryName":"Exceptions (YH)","year":2025,"month":11,"Country":"HU","recordCount":209,"value01":"R","value02":null,"value03":null,"value04":null},
 {"queryName":"Exceptions (YH)","year":2025,"month":8,"Country":"ES","recordCount":7168,"value01":"R","value02":null,"value03":null,"value04":null},
 {"queryName":"Exceptions (YH)","year":2025,"month":2,"Country":"GR","recordCount":1194,"value01":"R","value02":null,"value03":null,"value04":null},
 {"queryName":"Exceptions (YH)","year":2025,"month":6,"Country":"PH","recordCount":2,"value01":"R","value02":null,"value03":null,"value04":null},
 {"queryName":"Exceptions (YH)","year":2025,"month":11,"Country":"FJ","recordCount":1,"value01":"R","value02":null,"value03":null,"value04":null},
 {"queryName":"Exceptions (YH)","year":2025,"month":5,"Country":"AE","recordCount":451,"value01":"R","value02":null,"value03":null,"value04":null},
 {"queryName":"Exceptions (YH)","year":2025,"month":7,"Country":"AU","recordCount":530,"value01":"R","value02":null,"value03":null,"value04":null},
 {"queryName":"Exceptions (YH)","year":2025,"month":5,"Country":"PL","recordCount":4266,"value01":"R","value02":null,"value03":null,"value04":null},
 {"queryName":"Exceptions (YH)","year":2025,"month":9,"Country":null,"recordCount":12429,"value01":"I","value02":null,"value03":null,"value04":null},
 {"queryName":"Exceptions (YH)","year":2025,"month":10,"Country":"SG","recordCount":6580,"value01":"R","value02":null,"value03":null,"value04":null},
 {"queryName":"Exceptions (YH)","year":2025,"month":8,"Country":null,"recordCount":11454,"value01":"I","value02":null,"value03":null,"value04":null},
 {"queryName":"Exceptions (YH)","year":2025,"month":6,"Country":"BH","recordCount":36,"value01":"R","value02":null,"value03":null,"value04":null},
 {"queryName":"Exceptions (YH)","year":2025,"month":10,"Country":"SK","recordCount":31490,"value01":"R","value02":null,"value03":null,"value04":null},
 {"queryName":"Exceptions (YH)","year":2025,"month":7,"Country":"IL","recordCount":40,"value01":"R","value02":null,"value03":null,"value04":null},
 {"queryName":"Exceptions (YH)","year":2025,"month":5,"Country":"ZA","recordCount":431,"value01":"R","value02":null,"value03":null,"value04":null},
 {"queryName":"Exceptions (YH)","year":2025,"month":1,"Country":"IE","recordCount":10318,"value01":"R","value02":null,"value03":null,"value04":null},
 {"queryName":"Exceptions (YH)","year":2025,"month":8,"Country":"AR","recordCount":1,"value01":"R","value02":null,"value03":null,"value04":null},
 {"queryName":"Exceptions (YH)","year":2025,"month":4,"Country":"SE","recordCount":8152,"value01":"R","value02":null,"value03":null,"value04":null},
 {"queryName":"Exceptions (YH)","year":2025,"month":11,"Country":"SK","recordCount":9401,"value01":"R","value02":null,"value03":null,"value04":null},
 {"queryName":"Exceptions (YH)","year":2025,"month":8,"Country":"PT","recordCount":1600,"value01":"R","value02":null,"value03":null,"value04":null},
 {"queryName":"Exceptions (YH)","year":2025,"month":10,"Country":"JO","recordCount":1,"value01":"R","value02":null,"value03":null,"value04":null},
 {"queryName":"Exceptions (YH)","year":2025,"month":3,"Country":"PH","recordCount":3,"value01":"R","value02":null,"value03":null,"value04":null},
 {"queryName":"Exceptions (YH)","year":2025,"month":9,"Country":"GR","recordCount":46,"value01":"R","value02":null,"value03":null,"value04":null},
 {"queryName":"Exceptions (YH)","year":2025,"month":4,"Country":"RO","recordCount":250,"value01":"R","value02":null,"value03":null,"value04":null},
 {"queryName":"Exceptions (YH)","year":2025,"month":2,"Country":"LU","recordCount":224,"value01":"R","value02":null,"value03":null,"value04":null},
 {"queryName":"Exceptions (YH)","year":2025,"month":1,"Country":"SG","recordCount":3353,"value01":"R","value02":null,"value03":null,"value04":null},
 {"queryName":"Exceptions (YH)","year":2025,"month":7,"Country":null,"recordCount":12683,"value01":"I","value02":null,"value03":null,"value04":null},
 {"queryName":"Exceptions (YH)","year":2025,"month":7,"Country":"SK","recordCount":68291,"value01":"R","value02":null,"value03":null,"value04":null},
 {"queryName":"Exceptions (YH)","year":2025,"month":3,"Country":"BG","recordCount":11361,"value01":"R","value02":null,"value03":null,"value04":null},
 {"queryName":"Exceptions (YH)","year":2025,"month":3,"Country":"IN","recordCount":17,"value01":"R","value02":null,"value03":null,"value04":null},
 {"queryName":"Exceptions (YH)","year":2025,"month":2,"Country":"CH","recordCount":6856,"value01":"R","value02":null,"value03":null,"value04":null},
 {"queryName":"Exceptions (YH)","year":2025,"month":7,"Country":"LV","recordCount":36,"value01":"R","value02":null,"value03":null,"value04":null},
 {"queryName":"Exceptions (YH)","year":2025,"month":8,"Country":"PH","recordCount":3,"value01":"R","value02":null,"value03":null,"value04":null},
 {"queryName":"Exceptions (YH)","year":2025,"month":11,"Country":"LU","recordCount":4,"value01":"R","value02":null,"value03":null,"value04":null},
 {"queryName":"Exceptions (YH)","year":2025,"month":9,"Country":"IE","recordCount":5142,"value01":"R","value02":null,"value03":null,"value04":null},
 {"queryName":"Exceptions (YH)","year":2025,"month":8,"Country":"CN","recordCount":77,"value01":"R","value02":null,"value03":null,"value04":null},
 {"queryName":"Exceptions (YH)","year":2025,"month":10,"Country":"MY","recordCount":71,"value01":"R","value02":null,"value03":null,"value04":null},
 {"queryName":"Exceptions (YH)","year":2025,"month":11,"Country":"SI","recordCount":1,"value01":"R","value02":null,"value03":null,"value04":null},
 {"queryName":"Exceptions (YH)","year":2025,"month":11,"Country":"IE","recordCount":1233,"value01":"R","value02":null,"value03":null,"value04":null},
 {"queryName":"Exceptions (YH)","year":2025,"month":8,"Country":"CH","recordCount":4441,"value01":"R","value02":null,"value03":null,"value04":null},
 {"queryName":"Exceptions (YH)","year":2025,"month":1,"Country":"CY","recordCount":5784,"value01":"R","value02":null,"value03":null,"value04":null},
 {"queryName":"Exceptions (YH)","year":2025,"month":11,"Country":"AU","recordCount":170,"value01":"R","value02":null,"value03":null,"value04":null},
 {"queryName":"Exceptions (YH)","year":2025,"month":2,"Country":"CZ","recordCount":13857,"value01":"R","value02":null,"value03":null,"value04":null},
 {"queryName":"Exceptions (YH)","year":2025,"month":5,"Country":"LV","recordCount":71,"value01":"R","value02":null,"value03":null,"value04":null},
 {"queryName":"Exceptions (YH)","year":2025,"month":1,"Country":"RO","recordCount":217,"value01":"R","value02":null,"value03":null,"value04":null},
 {"queryName":"Exceptions (YH)","year":2025,"month":5,"Country":"CZ","recordCount":12249,"value01":"R","value02":null,"value03":null,"value04":null},
 {"queryName":"Exceptions (YH)","year":2025,"month":9,"Country":"ID","recordCount":17,"value01":"R","value02":null,"value03":null,"value04":null},
 {"queryName":"Exceptions (YH)","year":2025,"month":8,"Country":"HK","recordCount":194,"value01":"R","value02":null,"value03":null,"value04":null},
 {"queryName":"Exceptions (YH)","year":2025,"month":11,"Country":null,"recordCount":23695,"value01":"B","value02":null,"value03":null,"value04":null},
 {"queryName":"Exceptions (YH)","year":2025,"month":3,"Country":null,"recordCount":83154,"value01":"B","value02":null,"value03":null,"value04":null},
 {"queryName":"Exceptions (YH)","year":2025,"month":3,"Country":"HK","recordCount":522,"value01":"R","value02":null,"value03":null,"value04":null},
 {"queryName":"Exceptions (YH)","year":2025,"month":6,"Country":"AE","recordCount":218,"value01":"R","value02":null,"value03":null,"value04":null},
 {"queryName":"Exceptions (YH)","year":2025,"month":6,"Country":"PL","recordCount":3125,"value01":"R","value02":null,"value03":null,"value04":null},
 {"queryName":"Exceptions (YH)","year":2025,"month":11,"Country":"UA","recordCount":24,"value01":"R","value02":null,"value03":null,"value04":null},
 {"queryName":"Exceptions (YH)","year":2025,"month":10,"Country":"BG","recordCount":38234,"value01":"R","value02":null,"value03":null,"value04":null},
 {"queryName":"Exceptions (YH)","year":2025,"month":4,"Country":"JO","recordCount":3,"value01":"R","value02":null,"value03":null,"value04":null},
 {"queryName":"Exceptions (YH)","year":2025,"month":10,"Country":"HU","recordCount":535,"value01":"R","value02":null,"value03":null,"value04":null},
 {"queryName":"Exceptions (YH)","year":2025,"month":6,"Country":"TW","recordCount":27,"value01":"R","value02":null,"value03":null,"value04":null},
 {"queryName":"Exceptions (YH)","year":2025,"month":1,"Country":"UA","recordCount":34,"value01":"R","value02":null,"value03":null,"value04":null},
 {"queryName":"Exceptions (YH)","year":2025,"month":10,"Country":"KW","recordCount":92,"value01":"R","value02":null,"value03":null,"value04":null},
 {"queryName":"Exceptions (YH)","year":2025,"month":3,"Country":"SK","recordCount":61824,"value01":"R","value02":null,"value03":null,"value04":null},
 {"queryName":"Exceptions (YH)","year":2025,"month":9,"Country":"AR","recordCount":1,"value01":"R","value02":null,"value03":null,"value04":null},
 {"queryName":"Exceptions (YH)","year":2025,"month":8,"Country":"NO","recordCount":134,"value01":"R","value02":null,"value03":null,"value04":null},
 {"queryName":"Exceptions (YH)","year":2025,"month":4,"Country":"IT","recordCount":3806,"value01":"R","value02":null,"value03":null,"value04":null},
 {"queryName":"Exceptions (YH)","year":2025,"month":2,"Country":"BG","recordCount":9700,"value01":"R","value02":null,"value03":null,"value04":null},
 {"queryName":"Exceptions (YH)","year":2025,"month":3,"Country":"ZA","recordCount":59,"value01":"R","value02":null,"value03":null,"value04":null},
 {"queryName":"Exceptions (YH)","year":2025,"month":2,"Country":"PL","recordCount":4922,"value01":"R","value02":null,"value03":null,"value04":null},
 {"queryName":"Exceptions (YH)","year":2025,"month":11,"Country":"IL","recordCount":11,"value01":"R","value02":null,"value03":null,"value04":null},
 {"queryName":"Exceptions (YH)","year":2025,"month":4,"Country":"IN","recordCount":51,"value01":"R","value02":null,"value03":null,"value04":null},
 {"queryName":"Exceptions (YH)","year":2025,"month":6,"Country":"FJ","recordCount":10,"value01":"R","value02":null,"value03":null,"value04":null},
 {"queryName":"Exceptions (YH)","year":2025,"month":9,"Country":"BH","recordCount":34,"value01":"R","value02":null,"value03":null,"value04":null},
 {"queryName":"Exceptions (YH)","year":2025,"month":8,"Country":"FJ","recordCount":16,"value01":"R","value02":null,"value03":null,"value04":null},
 {"queryName":"Exceptions (YH)","year":2025,"month":3,"Country":"IT","recordCount":7520,"value01":"R","value02":null,"value03":null,"value04":null},
 {"queryName":"Exceptions (YH)","year":2025,"month":11,"Country":null,"recordCount":8511,"value01":"I","value02":null,"value03":null,"value04":null},
 {"queryName":"Exceptions (YH)","year":2025,"month":7,"Country":"SG","recordCount":3107,"value01":"R","value02":null,"value03":null,"value04":null},
 {"queryName":"Exceptions (YH)","year":2025,"month":5,"Country":"LT","recordCount":7,"value01":"R","value02":null,"value03":null,"value04":null},
 {"queryName":"Exceptions (YH)","year":2025,"month":4,"Country":"BE","recordCount":4043,"value01":"R","value02":null,"value03":null,"value04":null},
 {"queryName":"Exceptions (YH)","year":2025,"month":5,"Country":"VN","recordCount":8,"value01":"R","value02":null,"value03":null,"value04":null},
 {"queryName":"Exceptions (YH)","year":2025,"month":7,"Country":"ZA","recordCount":460,"value01":"R","value02":null,"value03":null,"value04":null},
 {"queryName":"Exceptions (YH)","year":2025,"month":10,"Country":"IE","recordCount":4788,"value01":"R","value02":null,"value03":null,"value04":null},
 {"queryName":"Exceptions (YH)","year":2025,"month":10,"Country":"TM","recordCount":7,"value01":"R","value02":null,"value03":null,"value04":null},
 {"queryName":"Exceptions (YH)","year":2025,"month":8,"Country":"AT","recordCount":724,"value01":"R","value02":null,"value03":null,"value04":null},
 {"queryName":"Exceptions (YH)","year":2025,"month":6,"Country":"JO","recordCount":1,"value01":"R","value02":null,"value03":null,"value04":null},
 {"queryName":"Exceptions (YH)","year":2025,"month":4,"Country":"GR","recordCount":70,"value01":"R","value02":null,"value03":null,"value04":null},
 {"queryName":"Exceptions (YH)","year":2025,"month":2,"Country":"JO","recordCount":2,"value01":"R","value02":null,"value03":null,"value04":null},
 {"queryName":"Exceptions (YH)","year":2025,"month":2,"Country":"ID","recordCount":10,"value01":"R","value02":null,"value03":null,"value04":null},
 {"queryName":"Exceptions (YH)","year":2025,"month":10,"Country":null,"recordCount":27308,"value01":"R","value02":null,"value03":null,"value04":null},
 {"queryName":"Exceptions (YH)","year":2025,"month":8,"Country":"PL","recordCount":16612,"value01":"R","value02":null,"value03":null,"value04":null},
 {"queryName":"Exceptions (YH)","year":2025,"month":3,"Country":"MY","recordCount":562,"value01":"R","value02":null,"value03":null,"value04":null},
 {"queryName":"Exceptions (YH)","year":2025,"month":1,"Country":"LU","recordCount":149,"value01":"R","value02":null,"value03":null,"value04":null},
 {"queryName":"Exceptions (YH)","year":2025,"month":1,"Country":"MT","recordCount":3,"value01":"R","value02":null,"value03":null,"value04":null},
 {"queryName":"Exceptions (YH)","year":2025,"month":4,"Country":"CY","recordCount":5463,"value01":"R","value02":null,"value03":null,"value04":null},
 {"queryName":"Exceptions (YH)","year":2025,"month":11,"Country":null,"recordCount":38512,"value01":"R","value02":null,"value03":null,"value04":null},
 {"queryName":"Exceptions (YH)","year":2025,"month":5,"Country":"PT","recordCount":10686,"value01":"R","value02":null,"value03":null,"value04":null},
 {"queryName":"Exceptions (YH)","year":2025,"month":5,"Country":"TR","recordCount":1545,"value01":"R","value02":null,"value03":null,"value04":null},
 {"queryName":"Exceptions (YH)","year":2025,"month":6,"Country":null,"recordCount":62420,"value01":"B","value02":null,"value03":null,"value04":null},
 {"queryName":"Exceptions (YH)","year":2025,"month":9,"Country":"ES","recordCount":8415,"value01":"R","value02":null,"value03":null,"value04":null},
 {"queryName":"Exceptions (YH)","year":2025,"month":5,"Country":"CN","recordCount":77,"value01":"R","value02":null,"value03":null,"value04":null},
 {"queryName":"Exceptions (YH)","year":2025,"month":9,"Country":"CY","recordCount":1330,"value01":"R","value02":null,"value03":null,"value04":null},
 {"queryName":"Exceptions (YH)","year":2025,"month":4,"Country":"HK","recordCount":408,"value01":"R","value02":null,"value03":null,"value04":null},
 {"queryName":"Exceptions (YH)","year":2025,"month":5,"Country":"HU","recordCount":198,"value01":"R","value02":null,"value03":null,"value04":null},
 {"queryName":"Exceptions (YH)","year":2025,"month":8,"Country":"TH","recordCount":763,"value01":"R","value02":null,"value03":null,"value04":null},
 {"queryName":"Exceptions (YH)","year":2025,"month":2,"Country":"CY","recordCount":5582,"value01":"R","value02":null,"value03":null,"value04":null},
 {"queryName":"Exceptions (YH)","year":2025,"month":4,"Country":"HU","recordCount":157,"value01":"R","value02":null,"value03":null,"value04":null},
 {"queryName":"Exceptions (YH)","year":2025,"month":8,"Country":"BE","recordCount":2853,"value01":"R","value02":null,"value03":null,"value04":null},
 {"queryName":"Exceptions (YH)","year":2025,"month":3,"Country":"SA","recordCount":53,"value01":"R","value02":null,"value03":null,"value04":null},
 {"queryName":"Exceptions (YH)","year":2025,"month":7,"Country":"EE","recordCount":233,"value01":"R","value02":null,"value03":null,"value04":null},
 {"queryName":"Exceptions (YH)","year":2025,"month":1,"Country":"AE","recordCount":141,"value01":"R","value02":null,"value03":null,"value04":null},
 {"queryName":"Exceptions (YH)","year":2025,"month":7,"Country":"BG","recordCount":21667,"value01":"R","value02":null,"value03":null,"value04":null},
 {"queryName":"Exceptions (YH)","year":2025,"month":9,"Country":"AU","recordCount":471,"value01":"R","value02":null,"value03":null,"value04":null},
 {"queryName":"Exceptions (YH)","year":2025,"month":10,"Country":"BH","recordCount":53,"value01":"R","value02":null,"value03":null,"value04":null},
 {"queryName":"Exceptions (YH)","year":2025,"month":1,"Country":"BH","recordCount":64,"value01":"R","value02":null,"value03":null,"value04":null},
 {"queryName":"Exceptions (YH)","year":2025,"month":11,"Country":"SE","recordCount":1870,"value01":"R","value02":null,"value03":null,"value04":null},
 {"queryName":"Exceptions (YH)","year":2025,"month":3,"Country":"JO","recordCount":2,"value01":"R","value02":null,"value03":null,"value04":null},
 {"queryName":"Exceptions (YH)","year":2025,"month":7,"Country":null,"recordCount":90041,"value01":"B","value02":null,"value03":null,"value04":null},
 {"queryName":"Exceptions (YH)","year":2025,"month":3,"Country":"ID","recordCount":20,"value01":"R","value02":null,"value03":null,"value04":null},
 {"queryName":"Exceptions (YH)","year":2025,"month":8,"Country":"HU","recordCount":553,"value01":"R","value02":null,"value03":null,"value04":null},
 {"queryName":"Exceptions (YH)","year":2025,"month":2,"Country":"MY","recordCount":1019,"value01":"R","value02":null,"value03":null,"value04":null},
 {"queryName":"Exceptions (YH)","year":2025,"month":2,"Country":"EG","recordCount":11,"value01":"R","value02":null,"value03":null,"value04":null},
 {"queryName":"Exceptions (YH)","year":2025,"month":6,"Country":"GR","recordCount":61,"value01":"R","value02":null,"value03":null,"value04":null},
 {"queryName":"Exceptions (YH)","year":2025,"month":6,"Country":"JP","recordCount":20,"value01":"R","value02":null,"value03":null,"value04":null},
 {"queryName":"Exceptions (YH)","year":2025,"month":1,"Country":"CN","recordCount":80,"value01":"R","value02":null,"value03":null,"value04":null},
 {"queryName":"Exceptions (YH)","year":2025,"month":1,"Country":null,"recordCount":23786,"value01":"I","value02":null,"value03":null,"value04":null},
 {"queryName":"Exceptions (YH)","year":2025,"month":11,"Country":"GB","recordCount":3440,"value01":"R","value02":null,"value03":null,"value04":null},
 {"queryName":"Exceptions (YH)","year":2025,"month":8,"Country":null,"recordCount":57111,"value01":"B","value02":null,"value03":null,"value04":null},
 {"queryName":"Exceptions (YH)","year":2025,"month":3,"Country":"AU","recordCount":572,"value01":"R","value02":null,"value03":null,"value04":null},
 {"queryName":"Exceptions (YH)","year":2025,"month":6,"Country":"VN","recordCount":47,"value01":"R","value02":null,"value03":null,"value04":null},
 {"queryName":"Exceptions (YH)","year":2025,"month":11,"Country":"BT","recordCount":8,"value01":"R","value02":null,"value03":null,"value04":null},
 {"queryName":"Exceptions (YH)","year":2025,"month":6,"Country":"FR","recordCount":28574,"value01":"R","value02":null,"value03":null,"value04":null},
 {"queryName":"Exceptions (YH)","year":2025,"month":2,"Country":"TR","recordCount":1365,"value01":"R","value02":null,"value03":null,"value04":null},
 {"queryName":"Exceptions (YH)","year":2025,"month":3,"Country":"NO","recordCount":154,"value01":"R","value02":null,"value03":null,"value04":null},
 {"queryName":"Exceptions (YH)","year":2025,"month":10,"Country":"FR","recordCount":32102,"value01":"R","value02":null,"value03":null,"value04":null},
 {"queryName":"Exceptions (YH)","year":2025,"month":10,"Country":"IN","recordCount":752,"value01":"R","value02":null,"value03":null,"value04":null},
 {"queryName":"Exceptions (YH)","year":2025,"month":2,"Country":"UA","recordCount":33,"value01":"R","value02":null,"value03":null,"value04":null},
 {"queryName":"Exceptions (YH)","year":2025,"month":8,"Country":"BH","recordCount":38,"value01":"R","value02":null,"value03":null,"value04":null},
 {"queryName":"Exceptions (YH)","year":2025,"month":1,"Country":"HK","recordCount":148,"value01":"R","value02":null,"value03":null,"value04":null},
 {"queryName":"Exceptions (YH)","year":2025,"month":1,"Country":"GB","recordCount":10051,"value01":"R","value02":null,"value03":null,"value04":null},
 {"queryName":"Exceptions (YH)","year":2025,"month":1,"Country":"LV","recordCount":59,"value01":"R","value02":null,"value03":null,"value04":null},
 {"queryName":"Exceptions (YH)","year":2025,"month":7,"Country":"UA","recordCount":87,"value01":"R","value02":null,"value03":null,"value04":null},
 {"queryName":"Exceptions (YH)","year":2025,"month":9,"Country":"LT","recordCount":9,"value01":"R","value02":null,"value03":null,"value04":null},
 {"queryName":"Exceptions (YH)","year":2025,"month":3,"Country":"LT","recordCount":2,"value01":"R","value02":null,"value03":null,"value04":null},
 {"queryName":"Exceptions (YH)","year":2025,"month":2,"Country":"NL","recordCount":206977,"value01":"R","value02":null,"value03":null,"value04":null},
 {"queryName":"Exceptions (YH)","year":2025,"month":7,"Country":"SA","recordCount":54,"value01":"R","value02":null,"value03":null,"value04":null},
 {"queryName":"Exceptions (YH)","year":2025,"month":9,"Country":"HU","recordCount":609,"value01":"R","value02":null,"value03":null,"value04":null},
 {"queryName":"Exceptions (YH)","year":2025,"month":10,"Country":"CN","recordCount":74,"value01":"R","value02":null,"value03":null,"value04":null},
 {"queryName":"Exceptions (YH)","year":2025,"month":2,"Country":null,"recordCount":37572,"value01":"R","value02":null,"value03":null,"value04":null},
 {"queryName":"Exceptions (YH)","year":2025,"month":8,"Country":"SA","recordCount":82,"value01":"R","value02":null,"value03":null,"value04":null},
 {"queryName":"Exceptions (YH)","year":2025,"month":10,"Country":"CH","recordCount":8103,"value01":"R","value02":null,"value03":null,"value04":null},
 {"queryName":"Exceptions (YH)","year":2025,"month":5,"Country":"BE","recordCount":2995,"value01":"R","value02":null,"value03":null,"value04":null},
 {"queryName":"Exceptions (YH)","year":2025,"month":7,"Country":"HK","recordCount":395,"value01":"R","value02":null,"value03":null,"value04":null},
 {"queryName":"Exceptions (YH)","year":2025,"month":5,"Country":"FI","recordCount":282,"value01":"R","value02":null,"value03":null,"value04":null},
 {"queryName":"Exceptions (YH)","year":2025,"month":7,"Country":"ID","recordCount":13,"value01":"R","value02":null,"value03":null,"value04":null},
 {"queryName":"Exceptions (YH)","year":2025,"month":3,"Country":"FJ","recordCount":9,"value01":"R","value02":null,"value03":null,"value04":null},
 {"queryName":"Exceptions (YH)","year":2025,"month":5,"Country":"EG","recordCount":2,"value01":"R","value02":null,"value03":null,"value04":null},
 {"queryName":"Exceptions (YH)","year":2025,"month":1,"Country":"JO","recordCount":8,"value01":"R","value02":null,"value03":null,"value04":null},
 {"queryName":"Exceptions (YH)","year":2025,"month":1,"Country":"CH","recordCount":5702,"value01":"R","value02":null,"value03":null,"value04":null},
 {"queryName":"Exceptions (YH)","year":2025,"month":8,"Country":"TW","recordCount":12,"value01":"R","value02":null,"value03":null,"value04":null},
 {"queryName":"Exceptions (YH)","year":2025,"month":8,"Country":null,"recordCount":24431,"value01":"R","value02":null,"value03":null,"value04":null},
 {"queryName":"Exceptions (YH)","year":2025,"month":11,"Country":"PT","recordCount":598,"value01":"R","value02":null,"value03":null,"value04":null},
 {"queryName":"Exceptions (YH)","year":2025,"month":6,"Country":"CZ","recordCount":2671,"value01":"R","value02":null,"value03":null,"value04":null},
 {"queryName":"Exceptions (YH)","year":2025,"month":11,"Country":"CN","recordCount":27,"value01":"R","value02":null,"value03":null,"value04":null},
 {"queryName":"Exceptions (YH)","year":2025,"month":3,"Country":"IL","recordCount":42,"value01":"R","value02":null,"value03":null,"value04":null},
 {"queryName":"Exceptions (YH)","year":2025,"month":4,"Country":"SG","recordCount":2649,"value01":"R","value02":null,"value03":null,"value04":null},
 {"queryName":"Exceptions (YH)","year":2025,"month":3,"Country":"DK","recordCount":230,"value01":"R","value02":null,"value03":null,"value04":null},
 {"queryName":"Exceptions (YH)","year":2025,"month":3,"Country":"TW","recordCount":14,"value01":"R","value02":null,"value03":null,"value04":null},
 {"queryName":"Exceptions (YH)","year":2025,"month":7,"Country":"FJ","recordCount":14,"value01":"R","value02":null,"value03":null,"value04":null},
 {"queryName":"Exceptions (YH)","year":2025,"month":7,"Country":"NL","recordCount":111010,"value01":"R","value02":null,"value03":null,"value04":null},
 {"queryName":"Exceptions (YH)","year":2025,"month":3,"Country":"SG","recordCount":4089,"value01":"R","value02":null,"value03":null,"value04":null},
 {"queryName":"Exceptions (YH)","year":2025,"month":5,"Country":"SG","recordCount":3057,"value01":"R","value02":null,"value03":null,"value04":null},
 {"queryName":"Exceptions (YH)","year":2025,"month":10,"Country":"JP","recordCount":26,"value01":"R","value02":null,"value03":null,"value04":null},
 {"queryName":"Exceptions (YH)","year":2025,"month":1,"Country":"CL","recordCount":18,"value01":"R","value02":null,"value03":null,"value04":null},
 {"queryName":"Exceptions (YH)","year":2025,"month":10,"Country":"DK","recordCount":221,"value01":"R","value02":null,"value03":null,"value04":null},
 {"queryName":"Exceptions (YH)","year":2025,"month":11,"Country":"GR","recordCount":14,"value01":"R","value02":null,"value03":null,"value04":null},
 {"queryName":"Exceptions (YH)","year":2025,"month":11,"Country":"MY","recordCount":18,"value01":"R","value02":null,"value03":null,"value04":null},
 {"queryName":"Exceptions (YH)","year":2025,"month":9,"Country":"VN","recordCount":4,"value01":"R","value02":null,"value03":null,"value04":null},
 {"queryName":"Exceptions (YH)","year":2025,"month":2,"Country":"AU","recordCount":521,"value01":"R","value02":null,"value03":null,"value04":null},
 {"queryName":"Exceptions (YH)","year":2025,"month":11,"Country":"CH","recordCount":2224,"value01":"R","value02":null,"value03":null,"value04":null},
 {"queryName":"Exceptions (YH)","year":2025,"month":6,"Country":"AU","recordCount":546,"value01":"R","value02":null,"value03":null,"value04":null},
 {"queryName":"Exceptions (YH)","year":2025,"month":5,"Country":"TW","recordCount":6,"value01":"R","value02":null,"value03":null,"value04":null},
 {"queryName":"Exceptions (YH)","year":2025,"month":8,"Country":"LT","recordCount":3,"value01":"R","value02":null,"value03":null,"value04":null},
 {"queryName":"Exceptions (YH)","year":2025,"month":1,"Country":"IN","recordCount":41,"value01":"R","value02":null,"value03":null,"value04":null},
 {"queryName":"Exceptions (YH)","year":2025,"month":6,"Country":"CH","recordCount":5037,"value01":"R","value02":null,"value03":null,"value04":null},
 {"queryName":"Exceptions (YH)","year":2025,"month":5,"Country":"GB","recordCount":6696,"value01":"R","value02":null,"value03":null,"value04":null},
 {"queryName":"Exceptions (YH)","year":2025,"month":10,"Country":"LT","recordCount":6,"value01":"R","value02":null,"value03":null,"value04":null},
 {"queryName":"Exceptions (YH)","year":2025,"month":5,"Country":"JP","recordCount":30,"value01":"R","value02":null,"value03":null,"value04":null},
 {"queryName":"Exceptions (YH)","year":2025,"month":9,"Country":"FI","recordCount":261,"value01":"R","value02":null,"value03":null,"value04":null},
 {"queryName":"Exceptions (YH)","year":2025,"month":10,"Country":"PL","recordCount":20683,"value01":"R","value02":null,"value03":null,"value04":null},
 {"queryName":"Exceptions (YH)","year":2025,"month":8,"Country":"CL","recordCount":7,"value01":"R","value02":null,"value03":null,"value04":null},
 {"queryName":"Exceptions (YH)","year":2025,"month":8,"Country":"LU","recordCount":107,"value01":"R","value02":null,"value03":null,"value04":null},
 {"queryName":"Exceptions (YH)","year":2025,"month":7,"Country":"IE","recordCount":8362,"value01":"R","value02":null,"value03":null,"value04":null},
 {"queryName":"Exceptions (YH)","year":2025,"month":8,"Country":"IL","recordCount":40,"value01":"R","value02":null,"value03":null,"value04":null},
 {"queryName":"Exceptions (YH)","year":2025,"month":11,"Country":"BG","recordCount":9639,"value01":"R","value02":null,"value03":null,"value04":null},
 {"queryName":"Exceptions (YH)","year":2025,"month":4,"Country":"GB","recordCount":12261,"value01":"R","value02":null,"value03":null,"value04":null},
 {"queryName":"Exceptions (YH)","year":2025,"month":8,"Country":"UA","recordCount":51,"value01":"R","value02":null,"value03":null,"value04":null},
 {"queryName":"Exceptions (YH)","year":2025,"month":7,"Country":"PT","recordCount":1869,"value01":"R","value02":null,"value03":null,"value04":null},
 {"queryName":"Exceptions (YH)","year":2025,"month":4,"Country":"CH","recordCount":6864,"value01":"R","value02":null,"value03":null,"value04":null},
 {"queryName":"Exceptions (YH)","year":2025,"month":3,"Country":"CY","recordCount":5487,"value01":"R","value02":null,"value03":null,"value04":null},
 {"queryName":"Exceptions (YH)","year":2025,"month":3,"Country":"GR","recordCount":290,"value01":"R","value02":null,"value03":null,"value04":null},
 {"queryName":"Exceptions (YH)","year":2025,"month":3,"Country":"CH","recordCount":6955,"value01":"R","value02":null,"value03":null,"value04":null},
 {"queryName":"Exceptions (YH)","year":2025,"month":4,"Country":"KW","recordCount":73,"value01":"R","value02":null,"value03":null,"value04":null},
 {"queryName":"Exceptions (YH)","year":2025,"month":10,"Country":"AT","recordCount":1117,"value01":"R","value02":null,"value03":null,"value04":null},
 {"queryName":"Exceptions (YH)","year":2025,"month":6,"Country":"CL","recordCount":13,"value01":"R","value02":null,"value03":null,"value04":null},
 {"queryName":"Exceptions (YH)","year":2025,"month":7,"Country":"AT","recordCount":1037,"value01":"R","value02":null,"value03":null,"value04":null},
 {"queryName":"Exceptions (YH)","year":2025,"month":9,"Country":"KR","recordCount":25,"value01":"R","value02":null,"value03":null,"value04":null},
 {"queryName":"Exceptions (YH)","year":2025,"month":8,"Country":"BG","recordCount":11477,"value01":"R","value02":null,"value03":null,"value04":null},
 {"queryName":"Exceptions (YH)","year":2025,"month":11,"Country":"BE","recordCount":1741,"value01":"R","value02":null,"value03":null,"value04":null},
 {"queryName":"Exceptions (YH)","year":2025,"month":4,"Country":"TW","recordCount":9,"value01":"R","value02":null,"value03":null,"value04":null},
 {"queryName":"Exceptions (YH)","year":2025,"month":9,"Country":"UA","recordCount":71,"value01":"R","value02":null,"value03":null,"value04":null},
 {"queryName":"Exceptions (YH)","year":2025,"month":5,"Country":"CY","recordCount":6096,"value01":"R","value02":null,"value03":null,"value04":null},
 {"queryName":"Exceptions (YH)","year":2025,"month":1,"Country":"FJ","recordCount":10,"value01":"R","value02":null,"value03":null,"value04":null},
 {"queryName":"Exceptions (YH)","year":2025,"month":3,"Country":"FI","recordCount":264,"value01":"R","value02":null,"value03":null,"value04":null},
 {"queryName":"Exceptions (YH)","year":2025,"month":7,"Country":"GB","recordCount":7637,"value01":"R","value02":null,"value03":null,"value04":null},
 {"queryName":"Exceptions (YH)","year":2025,"month":5,"Country":"BH","recordCount":44,"value01":"R","value02":null,"value03":null,"value04":null},
 {"queryName":"Exceptions (YH)","year":2025,"month":6,"Country":null,"recordCount":14699,"value01":"I","value02":null,"value03":null,"value04":null},
 {"queryName":"Exceptions (YH)","year":2025,"month":10,"Country":"EG","recordCount":4,"value01":"R","value02":null,"value03":null,"value04":null},
 {"queryName":"Exceptions (YH)","year":2025,"month":2,"Country":"FJ","recordCount":12,"value01":"R","value02":null,"value03":null,"value04":null},
 {"queryName":"Exceptions (YH)","year":2025,"month":7,"Country":null,"recordCount":30144,"value01":"R","value02":null,"value03":null,"value04":null},
 {"queryName":"Exceptions (YH)","year":2025,"month":1,"Country":"ID","recordCount":15,"value01":"R","value02":null,"value03":null,"value04":null},
 {"queryName":"Exceptions (YH)","year":2025,"month":8,"Country":"IN","recordCount":69,"value01":"R","value02":null,"value03":null,"value04":null},
 {"queryName":"Exceptions (YH)","year":2025,"month":8,"Country":"SE","recordCount":6388,"value01":"R","value02":null,"value03":null,"value04":null},
 {"queryName":"Exceptions (YH)","year":2025,"month":1,"Country":"TR","recordCount":1109,"value01":"R","value02":null,"value03":null,"value04":null},
 {"queryName":"Exceptions (YH)","year":2025,"month":9,"Country":"IT","recordCount":5667,"value01":"R","value02":null,"value03":null,"value04":null},
 {"queryName":"Exceptions (YH)","year":2025,"month":10,"Country":"SA","recordCount":89,"value01":"R","value02":null,"value03":null,"value04":null},
 {"queryName":"Exceptions (YH)","year":2025,"month":5,"Country":"HK","recordCount":270,"value01":"R","value02":null,"value03":null,"value04":null},
 {"queryName":"Exceptions (YH)","year":2025,"month":10,"Country":"IT","recordCount":6294,"value01":"R","value02":null,"value03":null,"value04":null},
 {"queryName":"Exceptions (YH)","year":2025,"month":10,"Country":"NO","recordCount":139,"value01":"R","value02":null,"value03":null,"value04":null},
 {"queryName":"Exceptions (YH)","year":2025,"month":9,"Country":"ZA","recordCount":238,"value01":"R","value02":null,"value03":null,"value04":null},
 {"queryName":"Exceptions (YH)","year":2025,"month":10,"Country":"HK","recordCount":299,"value01":"R","value02":null,"value03":null,"value04":null},
 {"queryName":"Exceptions (YH)","year":2025,"month":6,"Country":"SK","recordCount":38940,"value01":"R","value02":null,"value03":null,"value04":null},
 {"queryName":"Exceptions (YH)","year":2025,"month":3,"Country":"FR","recordCount":38770,"value01":"R","value02":null,"value03":null,"value04":null},
 {"queryName":"Exceptions (YH)","year":2025,"month":1,"Country":"PL","recordCount":2634,"value01":"R","value02":null,"value03":null,"value04":null},
 {"queryName":"Exceptions (YH)","year":2025,"month":4,"Country":"CL","recordCount":9,"value01":"R","value02":null,"value03":null,"value04":null},
 {"queryName":"Exceptions (YH)","year":2025,"month":7,"Country":"TR","recordCount":1473,"value01":"R","value02":null,"value03":null,"value04":null},
 {"queryName":"Exceptions (YH)","year":2025,"month":3,"Country":"BT","recordCount":26,"value01":"R","value02":null,"value03":null,"value04":null},
 {"queryName":"Exceptions (YH)","year":2025,"month":5,"Country":"ID","recordCount":16,"value01":"R","value02":null,"value03":null,"value04":null},
 {"queryName":"Exceptions (YH)","year":2025,"month":3,"Country":"AT","recordCount":1068,"value01":"R","value02":null,"value03":null,"value04":null},
 {"queryName":"Exceptions (YH)","year":2025,"month":6,"Country":"RO","recordCount":273,"value01":"R","value02":null,"value03":null,"value04":null},
 {"queryName":"Exceptions (YH)","year":2025,"month":9,"Country":"TM","recordCount":8,"value01":"R","value02":null,"value03":null,"value04":null},
 {"queryName":"Exceptions (YH)","year":2025,"month":4,"Country":"MY","recordCount":73,"value01":"R","value02":null,"value03":null,"value04":null},
 {"queryName":"Exceptions (YH)","year":2025,"month":2,"Country":"FR","recordCount":56333,"value01":"R","value02":null,"value03":null,"value04":null},
 {"queryName":"Exceptions (YH)","year":2025,"month":6,"Country":"AT","recordCount":967,"value01":"R","value02":null,"value03":null,"value04":null},
 {"queryName":"Exceptions (YH)","year":2025,"month":4,"Country":"FJ","recordCount":8,"value01":"R","value02":null,"value03":null,"value04":null},
 {"queryName":"Exceptions (YH)","year":2025,"month":2,"Country":"LT","recordCount":31,"value01":"R","value02":null,"value03":null,"value04":null},
 {"queryName":"Exceptions (YH)","year":2025,"month":3,"Country":"AE","recordCount":101,"value01":"R","value02":null,"value03":null,"value04":null},
 {"queryName":"Exceptions (YH)","year":2025,"month":4,"Country":"UA","recordCount":62,"value01":"R","value02":null,"value03":null,"value04":null},
 {"queryName":"Exceptions (YH)","year":2025,"month":1,"Country":"KR","recordCount":17,"value01":"R","value02":null,"value03":null,"value04":null},
 {"queryName":"Exceptions (YH)","year":2025,"month":1,"Country":"IL","recordCount":51,"value01":"R","value02":null,"value03":null,"value04":null},
 {"queryName":"Exceptions (YH)","year":2025,"month":10,"Country":"AE","recordCount":382,"value01":"R","value02":null,"value03":null,"value04":null},
 {"queryName":"Exceptions (YH)","year":2025,"month":4,"Country":"AE","recordCount":280,"value01":"R","value02":null,"value03":null,"value04":null},
 {"queryName":"Exceptions (YH)","year":2025,"month":2,"Country":"IE","recordCount":6125,"value01":"R","value02":null,"value03":null,"value04":null},
 {"queryName":"Exceptions (YH)","year":2025,"month":7,"Country":"ES","recordCount":7247,"value01":"R","value02":null,"value03":null,"value04":null},
 {"queryName":"Exceptions (YH)","year":2025,"month":7,"Country":"CH","recordCount":6205,"value01":"R","value02":null,"value03":null,"value04":null},
 {"queryName":"Exceptions (YH)","year":2025,"month":11,"Country":"TH","recordCount":91,"value01":"R","value02":null,"value03":null,"value04":null},
 {"queryName":"Exceptions (YH)","year":2025,"month":1,"Country":"PH","recordCount":4,"value01":"R","value02":null,"value03":null,"value04":null},
 {"queryName":"Exceptions (YH)","year":2025,"month":2,"Country":"JP","recordCount":24,"value01":"R","value02":null,"value03":null,"value04":null},
 {"queryName":"Exceptions (YH)","year":2025,"month":11,"Country":"SG","recordCount":2642,"value01":"R","value02":null,"value03":null,"value04":null},
 {"queryName":"Exceptions (YH)","year":2025,"month":9,"Country":"JO","recordCount":8,"value01":"R","value02":null,"value03":null,"value04":null},
 {"queryName":"Exceptions (YH)","year":2025,"month":5,"Country":"AU","recordCount":529,"value01":"R","value02":null,"value03":null,"value04":null},
 {"queryName":"Exceptions (YH)","year":2025,"month":1,"Country":"SE","recordCount":6804,"value01":"R","value02":null,"value03":null,"value04":null},
 {"queryName":"Exceptions (YH)","year":2025,"month":9,"Country":"LU","recordCount":36,"value01":"R","value02":null,"value03":null,"value04":null},
 {"queryName":"Exceptions (YH)","year":2025,"month":2,"Country":"MT","recordCount":2,"value01":"R","value02":null,"value03":null,"value04":null},
 {"queryName":"Exceptions (YH)","year":2025,"month":3,"Country":"VN","recordCount":50,"value01":"R","value02":null,"value03":null,"value04":null},
 {"queryName":"Exceptions (YH)","year":2025,"month":7,"Country":"RO","recordCount":331,"value01":"R","value02":null,"value03":null,"value04":null},
 {"queryName":"Exceptions (YH)","year":2025,"month":10,"Country":"SE","recordCount":6335,"value01":"R","value02":null,"value03":null,"value04":null},
 {"queryName":"Exceptions (YH)","year":2025,"month":1,"Country":"PT","recordCount":44762,"value01":"R","value02":null,"value03":null,"value04":null},
 {"queryName":"Exceptions (YH)","year":2025,"month":7,"Country":"TH","recordCount":287,"value01":"R","value02":null,"value03":null,"value04":null},
 {"queryName":"Exceptions (YH)","year":2025,"month":4,"Country":"PT","recordCount":44642,"value01":"R","value02":null,"value03":null,"value04":null},
 {"queryName":"Exceptions (YH)","year":2025,"month":9,"Country":"CL","recordCount":3,"value01":"R","value02":null,"value03":null,"value04":null},
 {"queryName":"Exceptions (YH)","year":2025,"month":9,"Country":"CH","recordCount":4829,"value01":"R","value02":null,"value03":null,"value04":null},
 {"queryName":"Exceptions (YH)","year":2025,"month":1,"Country":"AT","recordCount":1229,"value01":"R","value02":null,"value03":null,"value04":null},
 {"queryName":"Exceptions (YH)","year":2025,"month":11,"Country":"LT","recordCount":2,"value01":"R","value02":null,"value03":null,"value04":null},
 {"queryName":"Exceptions (YH)","year":2025,"month":10,"Country":"TR","recordCount":1127,"value01":"R","value02":null,"value03":null,"value04":null},
 {"queryName":"Exceptions (YH)","year":2025,"month":7,"Country":"AE","recordCount":511,"value01":"R","value02":null,"value03":null,"value04":null},
 {"queryName":"Exceptions (YH)","year":2025,"month":4,"Country":"KR","recordCount":23,"value01":"R","value02":null,"value03":null,"value04":null},
 {"queryName":"Exceptions (YH)","year":2025,"month":6,"Country":"BT","recordCount":17,"value01":"R","value02":null,"value03":null,"value04":null},
 {"queryName":"Exceptions (YH)","year":2025,"month":10,"Country":"ID","recordCount":26,"value01":"R","value02":null,"value03":null,"value04":null},
 {"queryName":"Exceptions (YH)","year":2025,"month":5,"Country":"CL","recordCount":14,"value01":"R","value02":null,"value03":null,"value04":null},
 {"queryName":"Exceptions (YH)","year":2025,"month":8,"Country":"FR","recordCount":25701,"value01":"R","value02":null,"value03":null,"value04":null},
 {"queryName":"Exceptions (YH)","year":2025,"month":2,"Country":"KR","recordCount":28,"value01":"R","value02":null,"value03":null,"value04":null},
 {"queryName":"Exceptions (YH)","year":2025,"month":8,"Country":"JP","recordCount":89,"value01":"R","value02":null,"value03":null,"value04":null},
 {"queryName":"Exceptions (YH)","year":2025,"month":2,"Country":"TW","recordCount":11,"value01":"R","value02":null,"value03":null,"value04":null},
 {"queryName":"Exceptions (YH)","year":2025,"month":3,"Country":"HU","recordCount":145,"value01":"R","value02":null,"value03":null,"value04":null},
 {"queryName":"Exceptions (YH)","year":2025,"month":3,"Country":"TR","recordCount":1656,"value01":"R","value02":null,"value03":null,"value04":null},
 {"queryName":"Exceptions (YH)","year":2025,"month":10,"Country":"CL","recordCount":3,"value01":"R","value02":null,"value03":null,"value04":null},
 {"queryName":"Exceptions (YH)","year":2025,"month":8,"Country":"IE","recordCount":6062,"value01":"R","value02":null,"value03":null,"value04":null},
 {"queryName":"Exceptions (YH)","year":2025,"month":6,"Country":"LT","recordCount":5,"value01":"R","value02":null,"value03":null,"value04":null},
 {"queryName":"Exceptions (YH)","year":2025,"month":10,"Country":"KR","recordCount":23,"value01":"R","value02":null,"value03":null,"value04":null},
 {"queryName":"Exceptions (YH)","year":2025,"month":9,"Country":"PT","recordCount":1575,"value01":"R","value02":null,"value03":null,"value04":null},
 {"queryName":"Exceptions (YH)","year":2025,"month":11,"Country":"FR","recordCount":12675,"value01":"R","value02":null,"value03":null,"value04":null},
 {"queryName":"Exceptions (YH)","year":2025,"month":7,"Country":"EG","recordCount":16,"value01":"R","value02":null,"value03":null,"value04":null},
 {"queryName":"Exceptions (YH)","year":2025,"month":5,"Country":"TM","recordCount":3,"value01":"R","value02":null,"value03":null,"value04":null},
 {"queryName":"Exceptions (YH)","year":2025,"month":6,"Country":"KW","recordCount":55,"value01":"R","value02":null,"value03":null,"value04":null},
 {"queryName":"Exceptions (YH)","year":2025,"month":11,"Country":"JP","recordCount":10,"value01":"R","value02":null,"value03":null,"value04":null},
 {"queryName":"Exceptions (YH)","year":2025,"month":2,"Country":"SE","recordCount":5830,"value01":"R","value02":null,"value03":null,"value04":null},
 {"queryName":"Exceptions (YH)","year":2025,"month":6,"Country":null,"recordCount":44181,"value01":"R","value02":null,"value03":null,"value04":null},
 {"queryName":"Exceptions (YH)","year":2025,"month":3,"Country":"JP","recordCount":27,"value01":"R","value02":null,"value03":null,"value04":null},
 {"queryName":"Exceptions (YH)","year":2025,"month":3,"Country":"PL","recordCount":5962,"value01":"R","value02":null,"value03":null,"value04":null},
 {"queryName":"Exceptions (YH)","year":2025,"month":1,"Country":"BG","recordCount":8937,"value01":"R","value02":null,"value03":null,"value04":null},
 {"queryName":"Exceptions (YH)","year":2025,"month":11,"Country":"ZA","recordCount":89,"value01":"R","value02":null,"value03":null,"value04":null},
 {"queryName":"Exceptions (YH)","year":2025,"month":10,"Country":"PH","recordCount":5,"value01":"R","value02":null,"value03":null,"value04":null},
 {"queryName":"Exceptions (YH)","year":2025,"month":9,"Country":"EE","recordCount":325,"value01":"R","value02":null,"value03":null,"value04":null},
 {"queryName":"Exceptions (YH)","year":2025,"month":7,"Country":"JP","recordCount":31,"value01":"R","value02":null,"value03":null,"value04":null},
 {"queryName":"Exceptions (YH)","year":2025,"month":8,"Country":"FI","recordCount":283,"value01":"R","value02":null,"value03":null,"value04":null},
 {"queryName":"Exceptions (YH)","year":2025,"month":11,"Country":"NO","recordCount":49,"value01":"R","value02":null,"value03":null,"value04":null},
 {"queryName":"Exceptions (YH)","year":2025,"month":10,"Country":"FJ","recordCount":60,"value01":"R","value02":null,"value03":null,"value04":null},
 {"queryName":"Exceptions (YH)","year":2025,"month":3,"Country":"RO","recordCount":250,"value01":"R","value02":null,"value03":null,"value04":null},
 {"queryName":"Exceptions (YH)","year":2025,"month":5,"Country":"MY","recordCount":109,"value01":"R","value02":null,"value03":null,"value04":null},
 {"queryName":"Exceptions (YH)","year":2025,"month":5,"Country":"CH","recordCount":6658,"value01":"R","value02":null,"value03":null,"value04":null},
 {"queryName":"Exceptions (YH)","year":2025,"month":5,"Country":"IN","recordCount":67,"value01":"R","value02":null,"value03":null,"value04":null},
 {"queryName":"Exceptions (YH)","year":2025,"month":10,"Country":"BE","recordCount":7828,"value01":"R","value02":null,"value03":null,"value04":null},
 {"queryName":"Exceptions (YH)","year":2025,"month":6,"Country":"HK","recordCount":169,"value01":"R","value02":null,"value03":null,"value04":null},
 {"queryName":"Exceptions (YH)","year":2025,"month":2,"Country":"BH","recordCount":43,"value01":"R","value02":null,"value03":null,"value04":null},
 {"queryName":"Exceptions (YH)","year":2025,"month":8,"Country":"VN","recordCount":6,"value01":"R","value02":null,"value03":null,"value04":null},
 {"queryName":"Exceptions (YH)","year":2025,"month":1,"Country":"EE","recordCount":430,"value01":"R","value02":null,"value03":null,"value04":null},
 {"queryName":"Exceptions (YH)","year":2025,"month":1,"Country":"ZA","recordCount":137,"value01":"R","value02":null,"value03":null,"value04":null},
 {"queryName":"Exceptions (YH)","year":2025,"month":2,"Country":"ZA","recordCount":414,"value01":"R","value02":null,"value03":null,"value04":null},
 {"queryName":"Exceptions (YH)","year":2025,"month":6,"Country":"EG","recordCount":13,"value01":"R","value02":null,"value03":null,"value04":null},
 {"queryName":"Exceptions (YH)","year":2025,"month":11,"Country":"PL","recordCount":12476,"value01":"R","value02":null,"value03":null,"value04":null},
 {"queryName":"Exceptions (YH)","year":2025,"month":7,"Country":"HU","recordCount":497,"value01":"R","value02":null,"value03":null,"value04":null},
 {"queryName":"Exceptions (YH)","year":2025,"month":3,"Country":"TM","recordCount":11,"value01":"R","value02":null,"value03":null,"value04":null},
 {"queryName":"Exceptions (YH)","year":2025,"month":2,"Country":"NO","recordCount":195,"value01":"R","value02":null,"value03":null,"value04":null},
 {"queryName":"Exceptions (YH)","year":2025,"month":9,"Country":"FR","recordCount":28654,"value01":"R","value02":null,"value03":null,"value04":null},
 {"queryName":"Exceptions (YH)","year":2025,"month":2,"Country":"GB","recordCount":11236,"value01":"R","value02":null,"value03":null,"value04":null},
 {"queryName":"Exceptions (YH)","year":2025,"month":8,"Country":"TM","recordCount":3,"value01":"R","value02":null,"value03":null,"value04":null},
 {"queryName":"Exceptions (YH)","year":2025,"month":8,"Country":"CZ","recordCount":6495,"value01":"R","value02":null,"value03":null,"value04":null},
 {"queryName":"Exceptions (YH)","year":2025,"month":7,"Country":"KW","recordCount":67,"value01":"R","value02":null,"value03":null,"value04":null}
]
