[
 {"queryName":"Financial Consolidation - CFC","year":2025,"month":10,"Country":"CH","recordCount":188,"value01":null,"value02":null,"value03":null,"value04":null},
 {"queryName":"Financial Consolidation - CFC","year":2025,"month":8,"Country":"SK","recordCount":7079,"value01":null,"value02":null,"value03":null,"value04":null},
 {"queryName":"Financial Consolidation - CFC","year":2025,"month":11,"Country":"NL","recordCount":9846,"value01":null,"value02":null,"value03":null,"value04":null},
 {"queryName":"Financial Consolidation - CFC","year":2025,"month":11,"Country":"SK","recordCount":4037,"value01":null,"value02":null,"value03":null,"value04":null},
 {"queryName":"Financial Consolidation - CFC","year":2025,"month":8,"Country":"BE","recordCount":1409,"value01":null,"value02":null,"value03":null,"value04":null},
 {"queryName":"Financial Consolidation - CFC","year":2025,"month":11,"Country":"CZ","recordCount":585,"value01":null,"value02":null,"value03":null,"value04":null},
 {"queryName":"Financial Consolidation - CFC","year":2025,"month":10,"Country":"NL","recordCount":26008,"value01":null,"value02":null,"value03":null,"value04":null},
 {"queryName":"Financial Consolidation - CFC","year":2025,"month":9,"Country":"BE","recordCount":2442,"value01":null,"value02":null,"value03":null,"value04":null},
 {"queryName":"Financial Consolidation - CFC","year":2025,"month":9,"Country":"FR","recordCount":21696,"value01":null,"value02":null,"value03":null,"value04":null},
 {"queryName":"Financial Consolidation - CFC","year":2025,"month":9,"Country":"NL","recordCount":23538,"value01":null,"value02":null,"value03":null,"value04":null},
 {"queryName":"Financial Consolidation - CFC","year":2025,"month":11,"Country":"FR","recordCount":7544,"value01":null,"value02":null,"value03":null,"value04":null},
 {"queryName":"Financial Consolidation - CFC","year":2025,"month":10,"Country":"BE","recordCount":2884,"value01":null,"value02":null,"value03":null,"value04":null},
 {"queryName":"Financial Consolidation - CFC","year":2025,"month":8,"Country":"CH","recordCount":29,"value01":null,"value02":null,"value03":null,"value04":null},
 {"queryName":"Financial Consolidation - CFC","year":2025,"month":9,"Country":"SK","recordCount":12577,"value01":null,"value02":null,"value03":null,"value04":null},
 {"queryName":"Financial Consolidation - CFC","year":2025,"month":10,"Country":"CZ","recordCount":2990,"value01":null,"value02":null,"value03":null,"value04":null},
 {"queryName":"Financial Consolidation - CFC","year":2025,"month":11,"Country":"BE","recordCount":927,"value01":null,"value02":null,"value03":null,"value04":null},
 {"queryName":"Financial Consolidation - CFC","year":2025,"month":11,"Country":"CH","recordCount":30,"value01":null,"value02":null,"value03":null,"value04":null},
 {"queryName":"Financial Consolidation - CFC","year":2025,"month":8,"Country":"NL","recordCount":14406,"value01":null,"value02":null,"value03":null,"value04":null},
 {"queryName":"Financial Consolidation - CFC","year":2025,"month":10,"Country":"FR","recordCount":25507,"value01":null,"value02":null,"value03":null,"value04":null},
 {"queryName":"Financial Consolidation - CFC","year":2025,"month":10,"Country":"SK","recordCount":13675,"value01":null,"value02":null,"value03":null,"value04":null},
 {"queryName":"Financial Consolidation - CFC","year":2025,"month":9,"Country":"CH","recordCount":104,"value01":null,"value02":null,"value03":null,"value04":null},
 {"queryName":"Financial Consolidation - CFC","year":2025,"month":8,"Country":"FR","recordCount":10489,"value01":null,"value02":null,"value03":null,"value04":null},
 {"queryName":"Financial Consolidation - CFC","year":2025,"month":8,"Country":"CZ","recordCount":1091,"value01":null,"value02":null,"value03":null,"value04":null},
 {"queryName":"Financial Consolidation - CFC","year":2025,"month":9,"Country":"CZ","recordCount":2235,"value01":null,"value02":null,"value03":null,"value04":null}
]
