[
 {"queryName":"Ratechecker - V01","year":2025,"month":10,"Country":"ES","recordCount":12,"value01":null,"value02":null,"value03":null,"value04":null},
 {"queryName":"Ratechecker - V01","year":2025,"month":11,"Country":"BG","recordCount":1,"value01":null,"value02":null,"value03":null,"value04":null},
 {"queryName":"Ratechecker - V01","year":2025,"month":6,"Country":"LT","recordCount":7,"value01":null,"value02":null,"value03":null,"value04":null},
 {"queryName":"Ratechecker - V01","year":2025,"month":5,"Country":"TW","recordCount":13,"value01":null,"value02":null,"value03":null,"value04":null},
 {"queryName":"Ratechecker - V01","year":2025,"month":4,"Country":"JO","recordCount":18,"value01":null,"value02":null,"value03":null,"value04":null},
 {"queryName":"Ratechecker - V01","year":2025,"month":6,"Country":"MY","recordCount":49,"value01":null,"value02":null,"value03":null,"value04":null},
 {"queryName":"Ratechecker - V01","year":2025,"month":5,"Country":"IE","recordCount":15,"value01":null,"value02":null,"value03":null,"value04":null},
 {"queryName":"Ratechecker - V01","year":2025,"month":7,"Country":"DK","recordCount":2,"value01":null,"value02":null,"value03":null,"value04":null},
 {"queryName":"Ratechecker - V01","year":2025,"month":4,"Country":"KR","recordCount":7,"value01":null,"value02":null,"value03":null,"value04":null},
 {"queryName":"Ratechecker - V01","year":2025,"month":1,"Country":"SG","recordCount":10,"value01":null,"value02":null,"value03":null,"value04":null},
 {"queryName":"Ratechecker - V01","year":2025,"month":11,"Country":"JO","recordCount":3,"value01":null,"value02":null,"value03":null,"value04":null},
 {"queryName":"Ratechecker - V01","year":2025,"month":4,"Country":"ES","recordCount":3,"value01":null,"value02":null,"value03":null,"value04":null},
 {"queryName":"Ratechecker - V01","year":2025,"month":3,"Country":"ZA","recordCount":1,"value01":null,"value02":null,"value03":null,"value04":null},
 {"queryName":"Ratechecker - V01","year":2025,"month":8,"Country":"NL","recordCount":71,"value01":null,"value02":null,"value03":null,"value04":null},
 {"queryName":"Ratechecker - V01","year":2025,"month":7,"Country":"CH","recordCount":9,"value01":null,"value02":null,"value03":null,"value04":null},
 {"queryName":"Ratechecker - V01","year":2025,"month":1,"Country":"VN","recordCount":1,"value01":null,"value02":null,"value03":null,"value04":null},
 {"queryName":"Ratechecker - V01","year":2025,"month":9,"Country":"TW","recordCount":9,"value01":null,"value02":null,"value03":null,"value04":null},
 {"queryName":"Ratechecker - V01","year":2025,"month":6,"Country":"IT","recordCount":16,"value01":null,"value02":null,"value03":null,"value04":null},
 {"queryName":"Ratechecker - V01","year":2025,"month":11,"Country":"PT","recordCount":3,"value01":null,"value02":null,"value03":null,"value04":null},
 {"queryName":"Ratechecker - V01","year":2025,"month":3,"Country":"LU","recordCount":3,"value01":null,"value02":null,"value03":null,"value04":null},
 {"queryName":"Ratechecker - V01","year":2025,"month":6,"Country":"BG","recordCount":13,"value01":null,"value02":null,"value03":null,"value04":null},
 {"queryName":"Ratechecker - V01","year":2025,"month":1,"Country":"BH","recordCount":1,"value01":null,"value02":null,"value03":null,"value04":null},
 {"queryName":"Ratechecker - V01","year":2025,"month":9,"Country":"JO","recordCount":7,"value01":null,"value02":null,"value03":null,"value04":null},
 {"queryName":"Ratechecker - V01","year":2025,"month":8,"Country":"VN","recordCount":2,"value01":null,"value02":null,"value03":null,"value04":null},
 {"queryName":"Ratechecker - V01","year":2025,"month":10,"Country":"SI","recordCount":16,"value01":null,"value02":null,"value03":null,"value04":null},
 {"queryName":"Ratechecker - V01","year":2025,"month":2,"Country":"CN","recordCount":185,"value01":null,"value02":null,"value03":null,"value04":null},
 {"queryName":"Ratechecker - V01","year":2025,"month":1,"Country":"FR","recordCount":22,"value01":null,"value02":null,"value03":null,"value04":null},
 {"queryName":"Ratechecker - V01","year":2025,"month":4,"Country":"MY","recordCount":46,"value01":null,"value02":null,"value03":null,"value04":null},
 {"queryName":"Ratechecker - V01","year":2025,"month":10,"Country":"GB","recordCount":2,"value01":null,"value02":null,"value03":null,"value04":null},
 {"queryName":"Ratechecker - V01","year":2025,"month":8,"Country":"CZ","recordCount":2,"value01":null,"value02":null,"value03":null,"value04":null},
 {"queryName":"Ratechecker - V01","year":2025,"month":3,"Country":"JP","recordCount":2,"value01":null,"value02":null,"value03":null,"value04":null},
 {"queryName":"Ratechecker - V01","year":2025,"month":7,"Country":"BG","recordCount":5,"value01":null,"value02":null,"value03":null,"value04":null},
 {"queryName":"Ratechecker - V01","year":2025,"month":10,"Country":"AU","recordCount":7,"value01":null,"value02":null,"value03":null,"value04":null},
 {"queryName":"Ratechecker - V01","year":2025,"month":2,"Country":"FJ","recordCount":13,"value01":null,"value02":null,"value03":null,"value04":null},
 {"queryName":"Ratechecker - V01","year":2025,"month":6,"Country":"EG","recordCount":138,"value01":null,"value02":null,"value03":null,"value04":null},
 {"queryName":"Ratechecker - V01","year":2025,"month":11,"Country":"CH","recordCount":2,"value01":null,"value02":null,"value03":null,"value04":null},
 {"queryName":"Ratechecker - V01","year":2025,"month":5,"Country":"DE","recordCount":6,"value01":null,"value02":null,"value03":null,"value04":null},
 {"queryName":"Ratechecker - V01","year":2025,"month":8,"Country":"LT","recordCount":4,"value01":null,"value02":null,"value03":null,"value04":null},
 {"queryName":"Ratechecker - V01","year":2025,"month":5,"Country":"AE","recordCount":45,"value01":null,"value02":null,"value03":null,"value04":null},
 {"queryName":"Ratechecker - V01","year":2025,"month":5,"Country":"CH","recordCount":8,"value01":null,"value02":null,"value03":null,"value04":null},
 {"queryName":"Ratechecker - V01","year":2025,"month":9,"Country":"FR","recordCount":8,"value01":null,"value02":null,"value03":null,"value04":null},
 {"queryName":"Ratechecker - V01","year":2025,"month":3,"Country":"AE","recordCount":64,"value01":null,"value02":null,"value03":null,"value04":null},
 {"queryName":"Ratechecker - V01","year":2025,"month":4,"Country":"PL","recordCount":24,"value01":null,"value02":null,"value03":null,"value04":null},
 {"queryName":"Ratechecker - V01","year":2025,"month":5,"Country":"AT","recordCount":1,"value01":null,"value02":null,"value03":null,"value04":null},
 {"queryName":"Ratechecker - V01","year":2025,"month":3,"Country":"HU","recordCount":68,"value01":null,"value02":null,"value03":null,"value04":null},
 {"queryName":"Ratechecker - V01","year":2025,"month":8,"Country":"EG","recordCount":125,"value01":null,"value02":null,"value03":null,"value04":null},
 {"queryName":"Ratechecker - V01","year":2025,"month":2,"Country":"NL","recordCount":139,"value01":null,"value02":null,"value03":null,"value04":null},
 {"queryName":"Ratechecker - V01","year":2025,"month":10,"Country":"NO","recordCount":1,"value01":null,"value02":null,"value03":null,"value04":null},
 {"queryName":"Ratechecker - V01","year":2025,"month":7,"Country":"PT","recordCount":6,"value01":null,"value02":null,"value03":null,"value04":null},
 {"queryName":"Ratechecker - V01","year":2025,"month":2,"Country":"HK","recordCount":17,"value01":null,"value02":null,"value03":null,"value04":null},
 {"queryName":"Ratechecker - V01","year":2025,"month":9,"Country":"NL","recordCount":103,"value01":null,"value02":null,"value03":null,"value04":null},
 {"queryName":"Ratechecker - V01","year":2025,"month":11,"Country":"FR","recordCount":3,"value01":null,"value02":null,"value03":null,"value04":null},
 {"queryName":"Ratechecker - V01","year":2025,"month":10,"Country":"CZ","recordCount":7,"value01":null,"value02":null,"value03":null,"value04":null},
 {"queryName":"Ratechecker - V01","year":2025,"month":4,"Country":"SG","recordCount":12,"value01":null,"value02":null,"value03":null,"value04":null},
 {"queryName":"Ratechecker - V01","year":2025,"month":9,"Country":"BE","recordCount":5,"value01":null,"value02":null,"value03":null,"value04":null},
 {"queryName":"Ratechecker - V01","year":2025,"month":1,"Country":"RO","recordCount":4,"value01":null,"value02":null,"value03":null,"value04":null},
 {"queryName":"Ratechecker - V01","year":2025,"month":11,"Country":"CN","recordCount":53,"value01":null,"value02":null,"value03":null,"value04":null},
 {"queryName":"Ratechecker - V01","year":2025,"month":6,"Country":"FJ","recordCount":7,"value01":null,"value02":null,"value03":null,"value04":null},
 {"queryName":"Ratechecker - V01","year":2025,"month":1,"Country":"IN","recordCount":27,"value01":null,"value02":null,"value03":null,"value04":null},
 {"queryName":"Ratechecker - V01","year":2025,"month":11,"Country":"KW","recordCount":9,"value01":null,"value02":null,"value03":null,"value04":null},
 {"queryName":"Ratechecker - V01","year":2025,"month":6,"Country":"RO","recordCount":2,"value01":null,"value02":null,"value03":null,"value04":null},
 {"queryName":"Ratechecker - V01","year":2025,"month":8,"Country":"TW","recordCount":5,"value01":null,"value02":null,"value03":null,"value04":null},
 {"queryName":"Ratechecker - V01","year":2025,"month":8,"Country":"DE","recordCount":15,"value01":null,"value02":null,"value03":null,"value04":null},
 {"queryName":"Ratechecker - V01","year":2025,"month":3,"Country":"TH","recordCount":709,"value01":null,"value02":null,"value03":null,"value04":null},
 {"queryName":"Ratechecker - V01","year":2025,"month":9,"Country":"TH","recordCount":399,"value01":null,"value02":null,"value03":null,"value04":null},
 {"queryName":"Ratechecker - V01","year":2025,"month":3,"Country":"EG","recordCount":157,"value01":null,"value02":null,"value03":null,"value04":null},
 {"queryName":"Ratechecker - V01","year":2025,"month":3,"Country":"BH","recordCount":1,"value01":null,"value02":null,"value03":null,"value04":null},
 {"queryName":"Ratechecker - V01","year":2025,"month":1,"Country":"HK","recordCount":33,"value01":null,"value02":null,"value03":null,"value04":null},
 {"queryName":"Ratechecker - V01","year":2025,"month":11,"Country":"PL","recordCount":16,"value01":null,"value02":null,"value03":null,"value04":null},
 {"queryName":"Ratechecker - V01","year":2025,"month":7,"Country":"HU","recordCount":81,"value01":null,"value02":null,"value03":null,"value04":null},
 {"queryName":"Ratechecker - V01","year":2025,"month":5,"Country":"GR","recordCount":2,"value01":null,"value02":null,"value03":null,"value04":null},
 {"queryName":"Ratechecker - V01","year":2025,"month":4,"Country":"CZ","recordCount":15,"value01":null,"value02":null,"value03":null,"value04":null},
 {"queryName":"Ratechecker - V01","year":2025,"month":6,"Country":"CY","recordCount":1,"value01":null,"value02":null,"value03":null,"value04":null},
 {"queryName":"Ratechecker - V01","year":2025,"month":7,"Country":"JP","recordCount":2,"value01":null,"value02":null,"value03":null,"value04":null},
 {"queryName":"Ratechecker - V01","year":2025,"month":11,"Country":"NL","recordCount":19,"value01":null,"value02":null,"value03":null,"value04":null},
 {"queryName":"Ratechecker - V01","year":2025,"month":5,"Country":"HK","recordCount":12,"value01":null,"value02":null,"value03":null,"value04":null},
 {"queryName":"Ratechecker - V01","year":2025,"month":11,"Country":"IT","recordCount":6,"value01":null,"value02":null,"value03":null,"value04":null},
 {"queryName":"Ratechecker - V01","year":2025,"month":5,"Country":"UA","recordCount":10,"value01":null,"value02":null,"value03":null,"value04":null},
 {"queryName":"Ratechecker - V01","year":2025,"month":3,"Country":"TR","recordCount":1,"value01":null,"value02":null,"value03":null,"value04":null},
 {"queryName":"Ratechecker - V01","year":2025,"month":5,"Country":"IT","recordCount":31,"value01":null,"value02":null,"value03":null,"value04":null},
 {"queryName":"Ratechecker - V01","year":2025,"month":1,"Country":"BG","recordCount":12,"value01":null,"value02":null,"value03":null,"value04":null},
 {"queryName":"Ratechecker - V01","year":2025,"month":8,"Country":"RO","recordCount":3,"value01":null,"value02":null,"value03":null,"value04":null},
 {"queryName":"Ratechecker - V01","year":2025,"month":10,"Country":"FI","recordCount":1,"value01":null,"value02":null,"value03":null,"value04":null},
 {"queryName":"Ratechecker - V01","year":2025,"month":5,"Country":"ID","recordCount":5,"value01":null,"value02":null,"value03":null,"value04":null},
 {"queryName":"Ratechecker - V01","year":2025,"month":3,"Country":"IE","recordCount":3,"value01":null,"value02":null,"value03":null,"value04":null},
 {"queryName":"Ratechecker - V01","year":2025,"month":3,"Country":"PT","recordCount":612,"value01":null,"value02":null,"value03":null,"value04":null},
 {"queryName":"Ratechecker - V01","year":2025,"month":3,"Country":"IT","recordCount":29,"value01":null,"value02":null,"value03":null,"value04":null},
 {"queryName":"Ratechecker - V01","year":2025,"month":10,"Country":"PT","recordCount":14,"value01":null,"value02":null,"value03":null,"value04":null},
 {"queryName":"Ratechecker - V01","year":2025,"month":7,"Country":"NL","recordCount":91,"value01":null,"value02":null,"value03":null,"value04":null},
 {"queryName":"Ratechecker - V01","year":2025,"month":9,"Country":"MY","recordCount":24,"value01":null,"value02":null,"value03":null,"value04":null},
 {"queryName":"Ratechecker - V01","year":2025,"month":7,"Country":"GB","recordCount":2,"value01":null,"value02":null,"value03":null,"value04":null},
 {"queryName":"Ratechecker - V01","year":2025,"month":11,"Country":"LT","recordCount":2,"value01":null,"value02":null,"value03":null,"value04":null},
 {"queryName":"Ratechecker - V01","year":2025,"month":5,"Country":"FJ","recordCount":9,"value01":null,"value02":null,"value03":null,"value04":null},
 {"queryName":"Ratechecker - V01","year":2025,"month":2,"Country":"IN","recordCount":27,"value01":null,"value02":null,"value03":null,"value04":null},
 {"queryName":"Ratechecker - V01","year":2025,"month":10,"Country":"PL","recordCount":23,"value01":null,"value02":null,"value03":null,"value04":null},
 {"queryName":"Ratechecker - V01","year":2025,"month":1,"Country":"TW","recordCount":21,"value01":null,"value02":null,"value03":null,"value04":null},
 {"queryName":"Ratechecker - V01","year":2025,"month":2,"Country":"ID","recordCount":5,"value01":null,"value02":null,"value03":null,"value04":null},
 {"queryName":"Ratechecker - V01","year":2025,"month":3,"Country":"CN","recordCount":261,"value01":null,"value02":null,"value03":null,"value04":null},
 {"queryName":"Ratechecker - V01","year":2025,"month":11,"Country":"AE","recordCount":6,"value01":null,"value02":null,"value03":null,"value04":null},
 {"queryName":"Ratechecker - V01","year":2025,"month":1,"Country":"NL","recordCount":203,"value01":null,"value02":null,"value03":null,"value04":null},
 {"queryName":"Ratechecker - V01","year":2025,"month":7,"Country":"CZ","recordCount":14,"value01":null,"value02":null,"value03":null,"value04":null},
 {"queryName":"Ratechecker - V01","year":2025,"month":6,"Country":"KR","recordCount":2,"value01":null,"value02":null,"value03":null,"value04":null},
 {"queryName":"Ratechecker - V01","year":2025,"month":4,"Country":"GB","recordCount":3,"value01":null,"value02":null,"value03":null,"value04":null},
 {"queryName":"Ratechecker - V01","year":2025,"month":2,"Country":"JO","recordCount":20,"value01":null,"value02":null,"value03":null,"value04":null},
 {"queryName":"Ratechecker - V01","year":2025,"month":8,"Country":"GR","recordCount":1,"value01":null,"value02":null,"value03":null,"value04":null},
 {"queryName":"Ratechecker - V01","year":2025,"month":3,"Country":"TW","recordCount":18,"value01":null,"value02":null,"value03":null,"value04":null},
 {"queryName":"Ratechecker - V01","year":2025,"month":9,"Country":"DE","recordCount":9,"value01":null,"value02":null,"value03":null,"value04":null},
 {"queryName":"Ratechecker - V01","year":2025,"month":5,"Country":"KR","recordCount":5,"value01":null,"value02":null,"value03":null,"value04":null},
 {"queryName":"Ratechecker - V01","year":2025,"month":5,"Country":"MY","recordCount":44,"value01":null,"value02":null,"value03":null,"value04":null},
 {"queryName":"Ratechecker - V01","year":2025,"month":10,"Country":"BG","recordCount":9,"value01":null,"value02":null,"value03":null,"value04":null},
 {"queryName":"Ratechecker - V01","year":2025,"month":4,"Country":"DE","recordCount":7,"value01":null,"value02":null,"value03":null,"value04":null},
 {"queryName":"Ratechecker - V01","year":2025,"month":7,"Country":"TH","recordCount":554,"value01":null,"value02":null,"value03":null,"value04":null},
 {"queryName":"Ratechecker - V01","year":2025,"month":8,"Country":"CH","recordCount":6,"value01":null,"value02":null,"value03":null,"value04":null},
 {"queryName":"Ratechecker - V01","year":2025,"month":9,"Country":"RO","recordCount":6,"value01":null,"value02":null,"value03":null,"value04":null},
 {"queryName":"Ratechecker - V01","year":2025,"month":5,"Country":"SI","recordCount":17,"value01":null,"value02":null,"value03":null,"value04":null},
 {"queryName":"Ratechecker - V01","year":2025,"month":5,"Country":"LT","recordCount":6,"value01":null,"value02":null,"value03":null,"value04":null},
 {"queryName":"Ratechecker - V01","year":2025,"month":4,"Country":"AT","recordCount":1,"value01":null,"value02":null,"value03":null,"value04":null},
 {"queryName":"Ratechecker - V01","year":2025,"month":2,"Country":"JP","recordCount":5,"value01":null,"value02":null,"value03":null,"value04":null},
 {"queryName":"Ratechecker - V01","year":2025,"month":6,"Country":"CN","recordCount":227,"value01":null,"value02":null,"value03":null,"value04":null},
 {"queryName":"Ratechecker - V01","year":2025,"month":9,"Country":"BG","recordCount":12,"value01":null,"value02":null,"value03":null,"value04":null},
 {"queryName":"Ratechecker - V01","year":2025,"month":6,"Country":"CZ","recordCount":14,"value01":null,"value02":null,"value03":null,"value04":null},
 {"queryName":"Ratechecker - V01","year":2025,"month":11,"Country":"DE","recordCount":4,"value01":null,"value02":null,"value03":null,"value04":null},
 {"queryName":"Ratechecker - V01","year":2025,"month":1,"Country":"PL","recordCount":32,"value01":null,"value02":null,"value03":null,"value04":null},
 {"queryName":"Ratechecker - V01","year":2025,"month":10,"Country":"TW","recordCount":5,"value01":null,"value02":null,"value03":null,"value04":null},
 {"queryName":"Ratechecker - V01","year":2025,"month":11,"Country":"LU","recordCount":1,"value01":null,"value02":null,"value03":null,"value04":null},
 {"queryName":"Ratechecker - V01","year":2025,"month":3,"Country":"CZ","recordCount":13,"value01":null,"value02":null,"value03":null,"value04":null},
 {"queryName":"Ratechecker - V01","year":2025,"month":10,"Country":"HU","recordCount":71,"value01":null,"value02":null,"value03":null,"value04":null},
 {"queryName":"Ratechecker - V01","year":2025,"month":5,"Country":"VN","recordCount":4,"value01":null,"value02":null,"value03":null,"value04":null},
 {"queryName":"Ratechecker - V01","year":2025,"month":9,"Country":"SI","recordCount":27,"value01":null,"value02":null,"value03":null,"value04":null},
 {"queryName":"Ratechecker - V01","year":2025,"month":9,"Country":"SE","recordCount":2,"value01":null,"value02":null,"value03":null,"value04":null},
 {"queryName":"Ratechecker - V01","year":2025,"month":1,"Country":"TR","recordCount":2,"value01":null,"value02":null,"value03":null,"value04":null},
 {"queryName":"Ratechecker - V01","year":2025,"month":9,"Country":"UA","recordCount":3,"value01":null,"value02":null,"value03":null,"value04":null},
 {"queryName":"Ratechecker - V01","year":2025,"month":10,"Country":"KW","recordCount":50,"value01":null,"value02":null,"value03":null,"value04":null},
 {"queryName":"Ratechecker - V01","year":2025,"month":4,"Country":"SI","recordCount":20,"value01":null,"value02":null,"value03":null,"value04":null},
 {"queryName":"Ratechecker - V01","year":2025,"month":4,"Country":"CN","recordCount":256,"value01":null,"value02":null,"value03":null,"value04":null},
 {"queryName":"Ratechecker - V01","year":2025,"month":1,"Country":"TH","recordCount":851,"value01":null,"value02":null,"value03":null,"value04":null},
 {"queryName":"Ratechecker - V01","year":2025,"month":2,"Country":"UA","recordCount":1,"value01":null,"value02":null,"value03":null,"value04":null},
 {"queryName":"Ratechecker - V01","year":2025,"month":10,"Country":"SG","recordCount":12,"value01":null,"value02":null,"value03":null,"value04":null},
 {"queryName":"Ratechecker - V01","year":2025,"month":3,"Country":"CH","recordCount":4,"value01":null,"value02":null,"value03":null,"value04":null},
 {"queryName":"Ratechecker - V01","year":2025,"month":4,"Country":"KW","recordCount":60,"value01":null,"value02":null,"value03":null,"value04":null},
 {"queryName":"Ratechecker - V01","year":2025,"month":11,"Country":"EG","recordCount":50,"value01":null,"value02":null,"value03":null,"value04":null},
 {"queryName":"Ratechecker - V01","year":2025,"month":9,"Country":"IN","recordCount":2,"value01":null,"value02":null,"value03":null,"value04":null},
 {"queryName":"Ratechecker - V01","year":2025,"month":2,"Country":"PL","recordCount":20,"value01":null,"value02":null,"value03":null,"value04":null},
 {"queryName":"Ratechecker - V01","year":2025,"month":6,"Country":"SG","recordCount":9,"value01":null,"value02":null,"value03":null,"value04":null},
 {"queryName":"Ratechecker - V01","year":2025,"month":2,"Country":"ES","recordCount":1,"value01":null,"value02":null,"value03":null,"value04":null},
 {"queryName":"Ratechecker - V01","year":2025,"month":2,"Country":"KR","recordCount":14,"value01":null,"value02":null,"value03":null,"value04":null},
 {"queryName":"Ratechecker - V01","year":2025,"month":2,"Country":"EG","recordCount":183,"value01":null,"value02":null,"value03":null,"value04":null},
 {"queryName":"Ratechecker - V01","year":2025,"month":3,"Country":"BG","recordCount":12,"value01":null,"value02":null,"value03":null,"value04":null},
 {"queryName":"Ratechecker - V01","year":2025,"month":3,"Country":"BE","recordCount":14,"value01":null,"value02":null,"value03":null,"value04":null},
 {"queryName":"Ratechecker - V01","year":2025,"month":7,"Country":"GR","recordCount":2,"value01":null,"value02":null,"value03":null,"value04":null},
 {"queryName":"Ratechecker - V01","year":2025,"month":8,"Country":"UA","recordCount":7,"value01":null,"value02":null,"value03":null,"value04":null},
 {"queryName":"Ratechecker - V01","year":2025,"month":6,"Country":"KW","recordCount":49,"value01":null,"value02":null,"value03":null,"value04":null},
 {"queryName":"Ratechecker - V01","year":2025,"month":11,"Country":"TW","recordCount":3,"value01":null,"value02":null,"value03":null,"value04":null},
 {"queryName":"Ratechecker - V01","year":2025,"month":8,"Country":"BG","recordCount":5,"value01":null,"value02":null,"value03":null,"value04":null},
 {"queryName":"Ratechecker - V01","year":2025,"month":11,"Country":"TH","recordCount":76,"value01":null,"value02":null,"value03":null,"value04":null},
 {"queryName":"Ratechecker - V01","year":2025,"month":9,"Country":"NO","recordCount":13,"value01":null,"value02":null,"value03":null,"value04":null},
 {"queryName":"Ratechecker - V01","year":2025,"month":2,"Country":"MY","recordCount":45,"value01":null,"value02":null,"value03":null,"value04":null},
 {"queryName":"Ratechecker - V01","year":2025,"month":8,"Country":"IT","recordCount":5,"value01":null,"value02":null,"value03":null,"value04":null},
 {"queryName":"Ratechecker - V01","year":2025,"month":11,"Country":"AU","recordCount":1,"value01":null,"value02":null,"value03":null,"value04":null},
 {"queryName":"Ratechecker - V01","year":2025,"month":5,"Country":"CZ","recordCount":21,"value01":null,"value02":null,"value03":null,"value04":null},
 {"queryName":"Ratechecker - V01","year":2025,"month":7,"Country":"BE","recordCount":13,"value01":null,"value02":null,"value03":null,"value04":null},
 {"queryName":"Ratechecker - V01","year":2025,"month":11,"Country":"MY","recordCount":15,"value01":null,"value02":null,"value03":null,"value04":null},
 {"queryName":"Ratechecker - V01","year":2025,"month":6,"Country":"NL","recordCount":113,"value01":null,"value02":null,"value03":null,"value04":null},
 {"queryName":"Ratechecker - V01","year":2025,"month":8,"Country":"ES","recordCount":4,"value01":null,"value02":null,"value03":null,"value04":null},
 {"queryName":"Ratechecker - V01","year":2025,"month":4,"Country":"RO","recordCount":8,"value01":null,"value02":null,"value03":null,"value04":null},
 {"queryName":"Ratechecker - V01","year":2025,"month":4,"Country":"JP","recordCount":4,"value01":null,"value02":null,"value03":null,"value04":null},
 {"queryName":"Ratechecker - V01","year":2025,"month":10,"Country":"FR","recordCount":10,"value01":null,"value02":null,"value03":null,"value04":null},
 {"queryName":"Ratechecker - V01","year":2025,"month":11,"Country":"KR","recordCount":1,"value01":null,"value02":null,"value03":null,"value04":null},
 {"queryName":"Ratechecker - V01","year":2025,"month":5,"Country":"TH","recordCount":681,"value01":null,"value02":null,"value03":null,"value04":null},
 {"queryName":"Ratechecker - V01","year":2025,"month":11,"Country":"SK","recordCount":1,"value01":null,"value02":null,"value03":null,"value04":null},
 {"queryName":"Ratechecker - V01","year":2025,"month":11,"Country":"VN","recordCount":1,"value01":null,"value02":null,"value03":null,"value04":null},
 {"queryName":"Ratechecker - V01","year":2025,"month":4,"Country":"FJ","recordCount":17,"value01":null,"value02":null,"value03":null,"value04":null},
 {"queryName":"Ratechecker - V01","year":2025,"month":7,"Country":"DE","recordCount":5,"value01":null,"value02":null,"value03":null,"value04":null},
 {"queryName":"Ratechecker - V01","year":2025,"month":6,"Country":"TW","recordCount":13,"value01":null,"value02":null,"value03":null,"value04":null},
 {"queryName":"Ratechecker - V01","year":2025,"month":9,"Country":"CH","recordCount":3,"value01":null,"value02":null,"value03":null,"value04":null},
 {"queryName":"Ratechecker - V01","year":2025,"month":8,"Country":"JO","recordCount":6,"value01":null,"value02":null,"value03":null,"value04":null},
 {"queryName":"Ratechecker - V01","year":2025,"month":4,"Country":"HK","recordCount":18,"value01":null,"value02":null,"value03":null,"value04":null},
 {"queryName":"Ratechecker - V01","year":2025,"month":1,"Country":"SE","recordCount":4,"value01":null,"value02":null,"value03":null,"value04":null},
 {"queryName":"Ratechecker - V01","year":2025,"month":10,"Country":"AE","recordCount":31,"value01":null,"value02":null,"value03":null,"value04":null},
 {"queryName":"Ratechecker - V01","year":2025,"month":3,"Country":"FJ","recordCount":8,"value01":null,"value02":null,"value03":null,"value04":null},
 {"queryName":"Ratechecker - V01","year":2025,"month":9,"Country":"PL","recordCount":36,"value01":null,"value02":null,"value03":null,"value04":null},
 {"queryName":"Ratechecker - V01","year":2025,"month":10,"Country":"FJ","recordCount":17,"value01":null,"value02":null,"value03":null,"value04":null},
 {"queryName":"Ratechecker - V01","year":2025,"month":9,"Country":"GB","recordCount":2,"value01":null,"value02":null,"value03":null,"value04":null},
 {"queryName":"Ratechecker - V01","year":2025,"month":4,"Country":"AE","recordCount":40,"value01":null,"value02":null,"value03":null,"value04":null},
 {"queryName":"Ratechecker - V01","year":2025,"month":1,"Country":"CZ","recordCount":13,"value01":null,"value02":null,"value03":null,"value04":null},
 {"queryName":"Ratechecker - V01","year":2025,"month":1,"Country":"ES","recordCount":12,"value01":null,"value02":null,"value03":null,"value04":null},
 {"queryName":"Ratechecker - V01","year":2025,"month":10,"Country":"JO","recordCount":9,"value01":null,"value02":null,"value03":null,"value04":null},
 {"queryName":"Ratechecker - V01","year":2025,"month":8,"Country":"KR","recordCount":10,"value01":null,"value02":null,"value03":null,"value04":null},
 {"queryName":"Ratechecker - V01","year":2025,"month":7,"Country":"SI","recordCount":12,"value01":null,"value02":null,"value03":null,"value04":null},
 {"queryName":"Ratechecker - V01","year":2025,"month":8,"Country":"SK","recordCount":1,"value01":null,"value02":null,"value03":null,"value04":null},
 {"queryName":"Ratechecker - V01","year":2025,"month":1,"Country":"KR","recordCount":21,"value01":null,"value02":null,"value03":null,"value04":null},
 {"queryName":"Ratechecker - V01","year":2025,"month":9,"Country":"IE","recordCount":4,"value01":null,"value02":null,"value03":null,"value04":null},
 {"queryName":"Ratechecker - V01","year":2025,"month":2,"Country":"FR","recordCount":9,"value01":null,"value02":null,"value03":null,"value04":null},
 {"queryName":"Ratechecker - V01","year":2025,"month":4,"Country":"NO","recordCount":14,"value01":null,"value02":null,"value03":null,"value04":null},
 {"queryName":"Ratechecker - V01","year":2025,"month":4,"Country":"LU","recordCount":3,"value01":null,"value02":null,"value03":null,"value04":null},
 {"queryName":"Ratechecker - V01","year":2025,"month":3,"Country":"AT","recordCount":2,"value01":null,"value02":null,"value03":null,"value04":null},
 {"queryName":"Ratechecker - V01","year":2025,"month":9,"Country":"JP","recordCount":2,"value01":null,"value02":null,"value03":null,"value04":null},
 {"queryName":"Ratechecker - V01","year":2025,"month":6,"Country":"PT","recordCount":11,"value01":null,"value02":null,"value03":null,"value04":null},
 {"queryName":"Ratechecker - V01","year":2025,"month":6,"Country":"FI","recordCount":2,"value01":null,"value02":null,"value03":null,"value04":null},
 {"queryName":"Ratechecker - V01","year":2025,"month":7,"Country":"FR","recordCount":8,"value01":null,"value02":null,"value03":null,"value04":null},
 {"queryName":"Ratechecker - V01","year":2025,"month":5,"Country":"KW","recordCount":53,"value01":null,"value02":null,"value03":null,"value04":null},
 {"queryName":"Ratechecker - V01","year":2025,"month":8,"Country":"CN","recordCount":212,"value01":null,"value02":null,"value03":null,"value04":null},
 {"queryName":"Ratechecker - V01","year":2025,"month":9,"Country":"AU","recordCount":5,"value01":null,"value02":null,"value03":null,"value04":null},
 {"queryName":"Ratechecker - V01","year":2025,"month":7,"Country":"PL","recordCount":50,"value01":null,"value02":null,"value03":null,"value04":null},
 {"queryName":"Ratechecker - V01","year":2025,"month":6,"Country":"SI","recordCount":13,"value01":null,"value02":null,"value03":null,"value04":null},
 {"queryName":"Ratechecker - V01","year":2025,"month":4,"Country":"TW","recordCount":23,"value01":null,"value02":null,"value03":null,"value04":null},
 {"queryName":"Ratechecker - V01","year":2025,"month":3,"Country":"RO","recordCount":4,"value01":null,"value02":null,"value03":null,"value04":null},
 {"queryName":"Ratechecker - V01","year":2025,"month":10,"Country":"MY","recordCount":34,"value01":null,"value02":null,"value03":null,"value04":null},
 {"queryName":"Ratechecker - V01","year":2025,"month":8,"Country":"HU","recordCount":32,"value01":null,"value02":null,"value03":null,"value04":null},
 {"queryName":"Ratechecker - V01","year":2025,"month":7,"Country":"TW","recordCount":19,"value01":null,"value02":null,"value03":null,"value04":null},
 {"queryName":"Ratechecker - V01","year":2025,"month":3,"Country":"ES","recordCount":3,"value01":null,"value02":null,"value03":null,"value04":null},
 {"queryName":"Ratechecker - V01","year":2025,"month":11,"Country":"ES","recordCount":4,"value01":null,"value02":null,"value03":null,"value04":null},
 {"queryName":"Ratechecker - V01","year":2025,"month":2,"Country":"TW","recordCount":10,"value01":null,"value02":null,"value03":null,"value04":null},
 {"queryName":"Ratechecker - V01","year":2025,"month":11,"Country":"NO","recordCount":5,"value01":null,"value02":null,"value03":null,"value04":null},
 {"queryName":"Ratechecker - V01","year":2025,"month":7,"Country":"JO","recordCount":18,"value01":null,"value02":null,"value03":null,"value04":null},
 {"queryName":"Ratechecker - V01","year":2025,"month":2,"Country":"MT","recordCount":3,"value01":null,"value02":null,"value03":null,"value04":null},
 {"queryName":"Ratechecker - V01","year":2025,"month":1,"Country":"HU","recordCount":44,"value01":null,"value02":null,"value03":null,"value04":null},
 {"queryName":"Ratechecker - V01","year":2025,"month":10,"Country":"LT","recordCount":3,"value01":null,"value02":null,"value03":null,"value04":null},
 {"queryName":"Ratechecker - V01","year":2025,"month":8,"Country":"TH","recordCount":488,"value01":null,"value02":null,"value03":null,"value04":null},
 {"queryName":"Ratechecker - V01","year":2025,"month":7,"Country":"CN","recordCount":218,"value01":null,"value02":null,"value03":null,"value04":null},
 {"queryName":"Ratechecker - V01","year":2025,"month":3,"Country":"FR","recordCount":20,"value01":null,"value02":null,"value03":null,"value04":null},
 {"queryName":"Ratechecker - V01","year":2025,"month":2,"Country":"SI","recordCount":19,"value01":null,"value02":null,"value03":null,"value04":null},
 {"queryName":"Ratechecker - V01","year":2025,"month":5,"Country":"AU","recordCount":3,"value01":null,"value02":null,"value03":null,"value04":null},
 {"queryName":"Ratechecker - V01","year":2025,"month":1,"Country":"CN","recordCount":204,"value01":null,"value02":null,"value03":null,"value04":null},
 {"queryName":"Ratechecker - V01","year":2025,"month":7,"Country":"FJ","recordCount":21,"value01":null,"value02":null,"value03":null,"value04":null},
 {"queryName":"Ratechecker - V01","year":2025,"month":8,"Country":"HK","recordCount":19,"value01":null,"value02":null,"value03":null,"value04":null},
 {"queryName":"Ratechecker - V01","year":2025,"month":11,"Country":"CZ","recordCount":3,"value01":null,"value02":null,"value03":null,"value04":null},
 {"queryName":"Ratechecker - V01","year":2025,"month":7,"Country":"NO","recordCount":12,"value01":null,"value02":null,"value03":null,"value04":null},
 {"queryName":"Ratechecker - V01","year":2025,"month":1,"Country":"UA","recordCount":1,"value01":null,"value02":null,"value03":null,"value04":null},
 {"queryName":"Ratechecker - V01","year":2025,"month":1,"Country":"BE","recordCount":60,"value01":null,"value02":null,"value03":null,"value04":null},
 {"queryName":"Ratechecker - V01","year":2025,"month":10,"Country":"HK","recordCount":17,"value01":null,"value02":null,"value03":null,"value04":null},
 {"queryName":"Ratechecker - V01","year":2025,"month":3,"Country":"JO","recordCount":13,"value01":null,"value02":null,"value03":null,"value04":null},
 {"queryName":"Ratechecker - V01","year":2025,"month":10,"Country":"AT","recordCount":5,"value01":null,"value02":null,"value03":null,"value04":null},
 {"queryName":"Ratechecker - V01","year":2025,"month":6,"Country":"ID","recordCount":2,"value01":null,"value02":null,"value03":null,"value04":null},
 {"queryName":"Ratechecker - V01","year":2025,"month":11,"Country":"HK","recordCount":4,"value01":null,"value02":null,"value03":null,"value04":null},
 {"queryName":"Ratechecker - V01","year":2025,"month":8,"Country":"SI","recordCount":12,"value01":null,"value02":null,"value03":null,"value04":null},
 {"queryName":"Ratechecker - V01","year":2025,"month":2,"Country":"BH","recordCount":3,"value01":null,"value02":null,"value03":null,"value04":null},
 {"queryName":"Ratechecker - V01","year":2025,"month":9,"Country":"HU","recordCount":71,"value01":null,"value02":null,"value03":null,"value04":null},
 {"queryName":"Ratechecker - V01","year":2025,"month":10,"Country":"KR","recordCount":3,"value01":null,"value02":null,"value03":null,"value04":null},
 {"queryName":"Ratechecker - V01","year":2025,"month":11,"Country":"HU","recordCount":35,"value01":null,"value02":null,"value03":null,"value04":null},
 {"queryName":"Ratechecker - V01","year":2025,"month":1,"Country":"SI","recordCount":9,"value01":null,"value02":null,"value03":null,"value04":null},
 {"queryName":"Ratechecker - V01","year":2025,"month":3,"Country":"PL","recordCount":19,"value01":null,"value02":null,"value03":null,"value04":null},
 {"queryName":"Ratechecker - V01","year":2025,"month":8,"Country":"PL","recordCount":13,"value01":null,"value02":null,"value03":null,"value04":null},
 {"queryName":"Ratechecker - V01","year":2025,"month":11,"Country":"JP","recordCount":1,"value01":null,"value02":null,"value03":null,"value04":null},
 {"queryName":"Ratechecker - V01","year":2025,"month":3,"Country":"NO","recordCount":15,"value01":null,"value02":null,"value03":null,"value04":null},
 {"queryName":"Ratechecker - V01","year":2025,"month":6,"Country":"IE","recordCount":14,"value01":null,"value02":null,"value03":null,"value04":null},
 {"queryName":"Ratechecker - V01","year":2025,"month":2,"Country":"PT","recordCount":647,"value01":null,"value02":null,"value03":null,"value04":null},
 {"queryName":"Ratechecker - V01","year":2025,"month":4,"Country":"VN","recordCount":1,"value01":null,"value02":null,"value03":null,"value04":null},
 {"queryName":"Ratechecker - V01","year":2025,"month":2,"Country":"DE","recordCount":4,"value01":null,"value02":null,"value03":null,"value04":null},
 {"queryName":"Ratechecker - V01","year":2025,"month":4,"Country":"TH","recordCount":617,"value01":null,"value02":null,"value03":null,"value04":null},
 {"queryName":"Ratechecker - V01","year":2025,"month":2,"Country":"CZ","recordCount":11,"value01":null,"value02":null,"value03":null,"value04":null},
 {"queryName":"Ratechecker - V01","year":2025,"month":10,"Country":"CH","recordCount":3,"value01":null,"value02":null,"value03":null,"value04":null},
 {"queryName":"Ratechecker - V01","year":2025,"month":3,"Country":"DE","recordCount":12,"value01":null,"value02":null,"value03":null,"value04":null},
 {"queryName":"Ratechecker - V01","year":2025,"month":4,"Country":"ID","recordCount":3,"value01":null,"value02":null,"value03":null,"value04":null},
 {"queryName":"Ratechecker - V01","year":2025,"month":7,"Country":"AE","recordCount":32,"value01":null,"value02":null,"value03":null,"value04":null},
 {"queryName":"Ratechecker - V01","year":2025,"month":4,"Country":"PH","recordCount":2,"value01":null,"value02":null,"value03":null,"value04":null},
 {"queryName":"Ratechecker - V01","year":2025,"month":8,"Country":"FR","recordCount":7,"value01":null,"value02":null,"value03":null,"value04":null},
 {"queryName":"Ratechecker - V01","year":2025,"month":3,"Country":"MY","recordCount":53,"value01":null,"value02":null,"value03":null,"value04":null},
 {"queryName":"Ratechecker - V01","year":2025,"month":11,"Country":"BE","recordCount":10,"value01":null,"value02":null,"value03":null,"value04":null},
 {"queryName":"Ratechecker - V01","year":2025,"month":5,"Country":"PL","recordCount":23,"value01":null,"value02":null,"value03":null,"value04":null},
 {"queryName":"Ratechecker - V01","year":2025,"month":1,"Country":"SK","recordCount":1,"value01":null,"value02":null,"value03":null,"value04":null},
 {"queryName":"Ratechecker - V01","year":2025,"month":7,"Country":"IT","recordCount":18,"value01":null,"value02":null,"value03":null,"value04":null},
 {"queryName":"Ratechecker - V01","year":2025,"month":3,"Country":"AU","recordCount":7,"value01":null,"value02":null,"value03":null,"value04":null},
 {"queryName":"Ratechecker - V01","year":2025,"month":9,"Country":"CN","recordCount":204,"value01":null,"value02":null,"value03":null,"value04":null},
 {"queryName":"Ratechecker - V01","year":2025,"month":6,"Country":"HU","recordCount":76,"value01":null,"value02":null,"value03":null,"value04":null},
 {"queryName":"Ratechecker - V01","year":2025,"month":1,"Country":"IT","recordCount":32,"value01":null,"value02":null,"value03":null,"value04":null},
 {"queryName":"Ratechecker - V01","year":2025,"month":10,"Country":"TR","recordCount":1,"value01":null,"value02":null,"value03":null,"value04":null},
 {"queryName":"Ratechecker - V01","year":2025,"month":5,"Country":"HU","recordCount":97,"value01":null,"value02":null,"value03":null,"value04":null},
 {"queryName":"Ratechecker - V01","year":2025,"month":2,"Country":"BG","recordCount":6,"value01":null,"value02":null,"value03":null,"value04":null},
 {"queryName":"Ratechecker - V01","year":2025,"month":9,"Country":"CZ","recordCount":7,"value01":null,"value02":null,"value03":null,"value04":null},
 {"queryName":"Ratechecker - V01","year":2025,"month":6,"Country":"HK","recordCount":14,"value01":null,"value02":null,"value03":null,"value04":null},
 {"queryName":"Ratechecker - V01","year":2025,"month":10,"Country":"LU","recordCount":1,"value01":null,"value02":null,"value03":null,"value04":null},
 {"queryName":"Ratechecker - V01","year":2025,"month":1,"Country":"FJ","recordCount":44,"value01":null,"value02":null,"value03":null,"value04":null},
 {"queryName":"Ratechecker - V01","year":2025,"month":7,"Country":"AT","recordCount":1,"value01":null,"value02":null,"value03":null,"value04":null},
 {"queryName":"Ratechecker - V01","year":2025,"month":5,"Country":"NL","recordCount":106,"value01":null,"value02":null,"value03":null,"value04":null},
 {"queryName":"Ratechecker - V01","year":2025,"month":7,"Country":"LT","recordCount":3,"value01":null,"value02":null,"value03":null,"value04":null},
 {"queryName":"Ratechecker - V01","year":2025,"month":4,"Country":"LT","recordCount":3,"value01":null,"value02":null,"value03":null,"value04":null},
 {"queryName":"Ratechecker - V01","year":2025,"month":11,"Country":"RO","recordCount":1,"value01":null,"value02":null,"value03":null,"value04":null},
 {"queryName":"Ratechecker - V01","year":2025,"month":9,"Country":"AT","recordCount":2,"value01":null,"value02":null,"value03":null,"value04":null},
 {"queryName":"Ratechecker - V01","year":2025,"month":6,"Country":"JP","recordCount":2,"value01":null,"value02":null,"value03":null,"value04":null},
 {"queryName":"Ratechecker - V01","year":2025,"month":1,"Country":"LT","recordCount":4,"value01":null,"value02":null,"value03":null,"value04":null},
 {"queryName":"Ratechecker - V01","year":2025,"month":6,"Country":"DE","recordCount":7,"value01":null,"value02":null,"value03":null,"value04":null},
 {"queryName":"Ratechecker - V01","year":2025,"month":4,"Country":"EG","recordCount":125,"value01":null,"value02":null,"value03":null,"value04":null},
 {"queryName":"Ratechecker - V01","year":2025,"month":6,"Country":"GR","recordCount":2,"value01":null,"value02":null,"value03":null,"value04":null},
 {"queryName":"Ratechecker - V01","year":2025,"month":9,"Country":"CY","recordCount":2,"value01":null,"value02":null,"value03":null,"value04":null},
 {"queryName":"Ratechecker - V01","year":2025,"month":4,"Country":"TR","recordCount":1,"value01":null,"value02":null,"value03":null,"value04":null},
 {"queryName":"Ratechecker - V01","year":2025,"month":4,"Country":"HU","recordCount":89,"value01":null,"value02":null,"value03":null,"value04":null},
 {"queryName":"Ratechecker - V01","year":2025,"month":4,"Country":"NL","recordCount":174,"value01":null,"value02":null,"value03":null,"value04":null},
 {"queryName":"Ratechecker - V01","year":2025,"month":3,"Country":"ID","recordCount":5,"value01":null,"value02":null,"value03":null,"value04":null},
 {"queryName":"Ratechecker - V01","year":2025,"month":3,"Country":"KR","recordCount":8,"value01":null,"value02":null,"value03":null,"value04":null},
 {"queryName":"Ratechecker - V01","year":2025,"month":9,"Country":"HK","recordCount":2,"value01":null,"value02":null,"value03":null,"value04":null},
 {"queryName":"Ratechecker - V01","year":2025,"month":4,"Country":"BE","recordCount":31,"value01":null,"value02":null,"value03":null,"value04":null},
 {"queryName":"Ratechecker - V01","year":2025,"month":3,"Country":"FI","recordCount":2,"value01":null,"value02":null,"value03":null,"value04":null},
 {"queryName":"Ratechecker - V01","year":2025,"month":1,"Country":"JP","recordCount":7,"value01":null,"value02":null,"value03":null,"value04":null},
 {"queryName":"Ratechecker - V01","year":2025,"month":6,"Country":"PL","recordCount":31,"value01":null,"value02":null,"value03":null,"value04":null},
 {"queryName":"Ratechecker - V01","year":2025,"month":6,"Country":"AT","recordCount":1,"value01":null,"value02":null,"value03":null,"value04":null},
 {"queryName":"Ratechecker - V01","year":2025,"month":11,"Country":"SI","recordCount":4,"value01":null,"value02":null,"value03":null,"value04":null},
 {"queryName":"Ratechecker - V01","year":2025,"month":2,"Country":"HU","recordCount":48,"value01":null,"value02":null,"value03":null,"value04":null},
 {"queryName":"Ratechecker - V01","year":2025,"month":9,"Country":"KW","recordCount":45,"value01":null,"value02":null,"value03":null,"value04":null},
 {"queryName":"Ratechecker - V01","year":2025,"month":10,"Country":"JP","recordCount":5,"value01":null,"value02":null,"value03":null,"value04":null},
 {"queryName":"Ratechecker - V01","year":2025,"month":9,"Country":"LT","recordCount":3,"value01":null,"value02":null,"value03":null,"value04":null},
 {"queryName":"Ratechecker - V01","year":2025,"month":3,"Country":"IN","recordCount":24,"value01":null,"value02":null,"value03":null,"value04":null},
 {"queryName":"Ratechecker - V01","year":2025,"month":7,"Country":"HK","recordCount":8,"value01":null,"value02":null,"value03":null,"value04":null},
 {"queryName":"Ratechecker - V01","year":2025,"month":7,"Country":"UA","recordCount":15,"value01":null,"value02":null,"value03":null,"value04":null},
 {"queryName":"Ratechecker - V01","year":2025,"month":2,"Country":"NO","recordCount":34,"value01":null,"value02":null,"value03":null,"value04":null},
 {"queryName":"Ratechecker - V01","year":2025,"month":2,"Country":"SG","recordCount":13,"value01":null,"value02":null,"value03":null,"value04":null},
 {"queryName":"Ratechecker - V01","year":2025,"month":8,"Country":"NO","recordCount":15,"value01":null,"value02":null,"value03":null,"value04":null},
 {"queryName":"Ratechecker - V01","year":2025,"month":5,"Country":"CY","recordCount":1,"value01":null,"value02":null,"value03":null,"value04":null},
 {"queryName":"Ratechecker - V01","year":2025,"month":9,"Country":"ES","recordCount":6,"value01":null,"value02":null,"value03":null,"value04":null},
 {"queryName":"Ratechecker - V01","year":2025,"month":3,"Country":"IL","recordCount":1,"value01":null,"value02":null,"value03":null,"value04":null},
 {"queryName":"Ratechecker - V01","year":2025,"month":1,"Country":"DK","recordCount":1,"value01":null,"value02":null,"value03":null,"value04":null},
 {"queryName":"Ratechecker - V01","year":2025,"month":5,"Country":"CN","recordCount":232,"value01":null,"value02":null,"value03":null,"value04":null},
 {"queryName":"Ratechecker - V01","year":2025,"month":11,"Country":"FJ","recordCount":2,"value01":null,"value02":null,"value03":null,"value04":null},
 {"queryName":"Ratechecker - V01","year":2025,"month":2,"Country":"LT","recordCount":3,"value01":null,"value02":null,"value03":null,"value04":null},
 {"queryName":"Ratechecker - V01","year":2025,"month":7,"Country":"KR","recordCount":7,"value01":null,"value02":null,"value03":null,"value04":null},
 {"queryName":"Ratechecker - V01","year":2025,"month":3,"Country":"SK","recordCount":1,"value01":null,"value02":null,"value03":null,"value04":null},
 {"queryName":"Ratechecker - V01","year":2025,"month":10,"Country":"DE","recordCount":17,"value01":null,"value02":null,"value03":null,"value04":null},
 {"queryName":"Ratechecker - V01","year":2025,"month":5,"Country":"BE","recordCount":14,"value01":null,"value02":null,"value03":null,"value04":null},
 {"queryName":"Ratechecker - V01","year":2025,"month":4,"Country":"UA","recordCount":2,"value01":null,"value02":null,"value03":null,"value04":null},
 {"queryName":"Ratechecker - V01","year":2025,"month":2,"Country":"VN","recordCount":3,"value01":null,"value02":null,"value03":null,"value04":null},
 {"queryName":"Ratechecker - V01","year":2025,"month":1,"Country":"NO","recordCount":31,"value01":null,"value02":null,"value03":null,"value04":null},
 {"queryName":"Ratechecker - V01","year":2025,"month":8,"Country":"AE","recordCount":29,"value01":null,"value02":null,"value03":null,"value04":null},
 {"queryName":"Ratechecker - V01","year":2025,"month":6,"Country":"JO","recordCount":16,"value01":null,"value02":null,"value03":null,"value04":null},
 {"queryName":"Ratechecker - V01","year":2025,"month":2,"Country":"KW","recordCount":62,"value01":null,"value02":null,"value03":null,"value04":null},
 {"queryName":"Ratechecker - V01","year":2025,"month":8,"Country":"IN","recordCount":5,"value01":null,"value02":null,"value03":null,"value04":null},
 {"queryName":"Ratechecker - V01","year":2025,"month":9,"Country":"EG","recordCount":129,"value01":null,"value02":null,"value03":null,"value04":null},
 {"queryName":"Ratechecker - V01","year":2025,"month":5,"Country":"ES","recordCount":13,"value01":null,"value02":null,"value03":null,"value04":null},
 {"queryName":"Ratechecker - V01","year":2025,"month":10,"Country":"EG","recordCount":123,"value01":null,"value02":null,"value03":null,"value04":null},
 {"queryName":"Ratechecker - V01","year":2025,"month":10,"Country":"RO","recordCount":8,"value01":null,"value02":null,"value03":null,"value04":null},
 {"queryName":"Ratechecker - V01","year":2025,"month":5,"Country":"FR","recordCount":9,"value01":null,"value02":null,"value03":null,"value04":null},
 {"queryName":"Ratechecker - V01","year":2025,"month":3,"Country":"SE","recordCount":2,"value01":null,"value02":null,"value03":null,"value04":null},
 {"queryName":"Ratechecker - V01","year":2025,"month":7,"Country":"MY","recordCount":26,"value01":null,"value02":null,"value03":null,"value04":null},
 {"queryName":"Ratechecker - V01","year":2025,"month":8,"Country":"ID","recordCount":1,"value01":null,"value02":null,"value03":null,"value04":null},
 {"queryName":"Ratechecker - V01","year":2025,"month":10,"Country":"SK","recordCount":1,"value01":null,"value02":null,"value03":null,"value04":null},
 {"queryName":"Ratechecker - V01","year":2025,"month":3,"Country":"CY","recordCount":1,"value01":null,"value02":null,"value03":null,"value04":null},
 {"queryName":"Ratechecker - V01","year":2025,"month":1,"Country":"KW","recordCount":60,"value01":null,"value02":null,"value03":null,"value04":null},
 {"queryName":"Ratechecker - V01","year":2025,"month":1,"Country":"ID","recordCount":4,"value01":null,"value02":null,"value03":null,"value04":null},
 {"queryName":"Ratechecker - V01","year":2025,"month":5,"Country":"SG","recordCount":12,"value01":null,"value02":null,"value03":null,"value04":null},
 {"queryName":"Ratechecker - V01","year":2025,"month":1,"Country":"LU","recordCount":1,"value01":null,"value02":null,"value03":null,"value04":null},
 {"queryName":"Ratechecker - V01","year":2025,"month":2,"Country":"IT","recordCount":16,"value01":null,"value02":null,"value03":null,"value04":null},
 {"queryName":"Ratechecker - V01","year":2025,"month":2,"Country":"SE","recordCount":4,"value01":null,"value02":null,"value03":null,"value04":null},
 {"queryName":"Ratechecker - V01","year":2025,"month":4,"Country":"CH","recordCount":10,"value01":null,"value02":null,"value03":null,"value04":null},
 {"queryName":"Ratechecker - V01","year":2025,"month":3,"Country":"SI","recordCount":22,"value01":null,"value02":null,"value03":null,"value04":null},
 {"queryName":"Ratechecker - V01","year":2025,"month":5,"Country":"JO","recordCount":20,"value01":null,"value02":null,"value03":null,"value04":null},
 {"queryName":"Ratechecker - V01","year":2025,"month":8,"Country":"IE","recordCount":3,"value01":null,"value02":null,"value03":null,"value04":null},
 {"queryName":"Ratechecker - V01","year":2025,"month":10,"Country":"GR","recordCount":5,"value01":null,"value02":null,"value03":null,"value04":null},
 {"queryName":"Ratechecker - V01","year":2025,"month":5,"Country":"BG","recordCount":6,"value01":null,"value02":null,"value03":null,"value04":null},
 {"queryName":"Ratechecker - V01","year":2025,"month":8,"Country":"MY","recordCount":32,"value01":null,"value02":null,"value03":null,"value04":null},
 {"queryName":"Ratechecker - V01","year":2025,"month":1,"Country":"AT","recordCount":1,"value01":null,"value02":null,"value03":null,"value04":null},
 {"queryName":"Ratechecker - V01","year":2025,"month":6,"Country":"FR","recordCount":12,"value01":null,"value02":null,"value03":null,"value04":null},
 {"queryName":"Ratechecker - V01","year":2025,"month":7,"Country":"KW","recordCount":31,"value01":null,"value02":null,"value03":null,"value04":null},
 {"queryName":"Ratechecker - V01","year":2025,"month":8,"Country":"GB","recordCount":1,"value01":null,"value02":null,"value03":null,"value04":null},
 {"queryName":"Ratechecker - V01","year":2025,"month":6,"Country":"CH","recordCount":5,"value01":null,"value02":null,"value03":null,"value04":null},
 {"queryName":"Ratechecker - V01","year":2025,"month":9,"Country":"SG","recordCount":9,"value01":null,"value02":null,"value03":null,"value04":null},
 {"queryName":"Ratechecker - V01","year":2025,"month":6,"Country":"EE","recordCount":1,"value01":null,"value02":null,"value03":null,"value04":null},
 {"queryName":"Ratechecker - V01","year":2025,"month":8,"Country":"PT","recordCount":3,"value01":null,"value02":null,"value03":null,"value04":null},
 {"queryName":"Ratechecker - V01","year":2025,"month":2,"Country":"FI","recordCount":1,"value01":null,"value02":null,"value03":null,"value04":null},
 {"queryName":"Ratechecker - V01","year":2025,"month":4,"Country":"BH","recordCount":1,"value01":null,"value02":null,"value03":null,"value04":null},
 {"queryName":"Ratechecker - V01","year":2025,"month":1,"Country":"AE","recordCount":53,"value01":null,"value02":null,"value03":null,"value04":null},
 {"queryName":"Ratechecker - V01","year":2025,"month":9,"Country":"FJ","recordCount":30,"value01":null,"value02":null,"value03":null,"value04":null},
 {"queryName":"Ratechecker - V01","year":2025,"month":7,"Country":"IE","recordCount":17,"value01":null,"value02":null,"value03":null,"value04":null},
 {"queryName":"Ratechecker - V01","year":2025,"month":6,"Country":"UA","recordCount":1,"value01":null,"value02":null,"value03":null,"value04":null},
 {"queryName":"Ratechecker - V01","year":2025,"month":2,"Country":"AT","recordCount":1,"value01":null,"value02":null,"value03":null,"value04":null},
 {"queryName":"Ratechecker - V01","year":2025,"month":2,"Country":"AE","recordCount":59,"value01":null,"value02":null,"value03":null,"value04":null},
 {"queryName":"Ratechecker - V01","year":2025,"month":3,"Country":"SG","recordCount":21,"value01":null,"value02":null,"value03":null,"value04":null},
 {"queryName":"Ratechecker - V01","year":2025,"month":4,"Country":"BG","recordCount":6,"value01":null,"value02":null,"value03":null,"value04":null},
 {"queryName":"Ratechecker - V01","year":2025,"month":5,"Country":"IN","recordCount":7,"value01":null,"value02":null,"value03":null,"value04":null},
 {"queryName":"Ratechecker - V01","year":2025,"month":6,"Country":"GB","recordCount":2,"value01":null,"value02":null,"value03":null,"value04":null},
 {"queryName":"Ratechecker - V01","year":2025,"month":9,"Country":"IT","recordCount":19,"value01":null,"value02":null,"value03":null,"value04":null},
 {"queryName":"Ratechecker - V01","year":2025,"month":6,"Country":"LU","recordCount":1,"value01":null,"value02":null,"value03":null,"value04":null},
 {"queryName":"Ratechecker - V01","year":2025,"month":8,"Country":"AU","recordCount":7,"value01":null,"value02":null,"value03":null,"value04":null},
 {"queryName":"Ratechecker - V01","year":2025,"month":9,"Country":"AE","recordCount":27,"value01":null,"value02":null,"value03":null,"value04":null},
 {"queryName":"Ratechecker - V01","year":2025,"month":4,"Country":"FR","recordCount":19,"value01":null,"value02":null,"value03":null,"value04":null},
 {"queryName":"Ratechecker - V01","year":2025,"month":7,"Country":"RO","recordCount":1,"value01":null,"value02":null,"value03":null,"value04":null},
 {"queryName":"Ratechecker - V01","year":2025,"month":1,"Country":"CH","recordCount":8,"value01":null,"value02":null,"value03":null,"value04":null},
 {"queryName":"Ratechecker - V01","year":2025,"month":5,"Country":"SE","recordCount":7,"value01":null,"value02":null,"value03":null,"value04":null},
 {"queryName":"Ratechecker - V01","year":2025,"month":5,"Country":"NO","recordCount":17,"value01":null,"value02":null,"value03":null,"value04":null},
 {"queryName":"Ratechecker - V01","year":2025,"month":10,"Country":"IE","recordCount":3,"value01":null,"value02":null,"value03":null,"value04":null},
 {"queryName":"Ratechecker - V01","year":2025,"month":3,"Country":"KW","recordCount":75,"value01":null,"value02":null,"value03":null,"value04":null},
 {"queryName":"Ratechecker - V01","year":2025,"month":9,"Country":"PT","recordCount":8,"value01":null,"value02":null,"value03":null,"value04":null},
 {"queryName":"Ratechecker - V01","year":2025,"month":2,"Country":"LU","recordCount":7,"value01":null,"value02":null,"value03":null,"value04":null},
 {"queryName":"Ratechecker - V01","year":2025,"month":9,"Country":"ID","recordCount":2,"value01":null,"value02":null,"value03":null,"value04":null},
 {"queryName":"Ratechecker - V01","year":2025,"month":4,"Country":"IE","recordCount":5,"value01":null,"value02":null,"value03":null,"value04":null},
 {"queryName":"Ratechecker - V01","year":2025,"month":8,"Country":"SG","recordCount":9,"value01":null,"value02":null,"value03":null,"value04":null},
 {"queryName":"Ratechecker - V01","year":2025,"month":11,"Country":"IN","recordCount":2,"value01":null,"value02":null,"value03":null,"value04":null},
 {"queryName":"Ratechecker - V01","year":2025,"month":2,"Country":"GR","recordCount":1,"value01":null,"value02":null,"value03":null,"value04":null},
 {"queryName":"Ratechecker - V01","year":2025,"month":7,"Country":"SG","recordCount":11,"value01":null,"value02":null,"value03":null,"value04":null},
 {"queryName":"Ratechecker - V01","year":2025,"month":10,"Country":"NL","recordCount":161,"value01":null,"value02":null,"value03":null,"value04":null},
 {"queryName":"Ratechecker - V01","year":2025,"month":1,"Country":"AU","recordCount":8,"value01":null,"value02":null,"value03":null,"value04":null},
 {"queryName":"Ratechecker - V01","year":2025,"month":1,"Country":"DE","recordCount":9,"value01":null,"value02":null,"value03":null,"value04":null},
 {"queryName":"Ratechecker - V01","year":2025,"month":9,"Country":"LU","recordCount":3,"value01":null,"value02":null,"value03":null,"value04":null},
 {"queryName":"Ratechecker - V01","year":2025,"month":7,"Country":"EG","recordCount":127,"value01":null,"value02":null,"value03":null,"value04":null},
 {"queryName":"Ratechecker - V01","year":2025,"month":6,"Country":"TH","recordCount":561,"value01":null,"value02":null,"value03":null,"value04":null},
 {"queryName":"Ratechecker - V01","year":2025,"month":7,"Country":"IN","recordCount":7,"value01":null,"value02":null,"value03":null,"value04":null},
 {"queryName":"Ratechecker - V01","year":2025,"month":3,"Country":"GB","recordCount":8,"value01":null,"value02":null,"value03":null,"value04":null},
 {"queryName":"Ratechecker - V01","year":2025,"month":10,"Country":"TH","recordCount":400,"value01":null,"value02":null,"value03":null,"value04":null},
 {"queryName":"Ratechecker - V01","year":2025,"month":4,"Country":"AU","recordCount":6,"value01":null,"value02":null,"value03":null,"value04":null},
 {"queryName":"Ratechecker - V01","year":2025,"month":1,"Country":"MY","recordCount":21,"value01":null,"value02":null,"value03":null,"value04":null},
 {"queryName":"Ratechecker - V01","year":2025,"month":5,"Country":"PT","recordCount":17,"value01":null,"value02":null,"value03":null,"value04":null},
 {"queryName":"Ratechecker - V01","year":2025,"month":8,"Country":"BE","recordCount":6,"value01":null,"value02":null,"value03":null,"value04":null},
 {"queryName":"Ratechecker - V01","year":2025,"month":1,"Country":"EG","recordCount":160,"value01":null,"value02":null,"value03":null,"value04":null},
 {"queryName":"Ratechecker - V01","year":2025,"month":6,"Country":"IN","recordCount":7,"value01":null,"value02":null,"value03":null,"value04":null},
 {"queryName":"Ratechecker - V01","year":2025,"month":6,"Country":"ES","recordCount":8,"value01":null,"value02":null,"value03":null,"value04":null},
 {"queryName":"Ratechecker - V01","year":2025,"month":6,"Country":"AU","recordCount":17,"value01":null,"value02":null,"value03":null,"value04":null},
 {"queryName":"Ratechecker - V01","year":2025,"month":5,"Country":"RO","recordCount":7,"value01":null,"value02":null,"value03":null,"value04":null},
 {"queryName":"Ratechecker - V01","year":2025,"month":3,"Country":"UA","recordCount":2,"value01":null,"value02":null,"value03":null,"value04":null},
 {"queryName":"Ratechecker - V01","year":2025,"month":2,"Country":"AU","recordCount":8,"value01":null,"value02":null,"value03":null,"value04":null},
 {"queryName":"Ratechecker - V01","year":2025,"month":2,"Country":"CH","recordCount":11,"value01":null,"value02":null,"value03":null,"value04":null},
 {"queryName":"Ratechecker - V01","year":2025,"month":10,"Country":"BE","recordCount":16,"value01":null,"value02":null,"value03":null,"value04":null},
 {"queryName":"Ratechecker - V01","year":2025,"month":2,"Country":"BE","recordCount":24,"value01":null,"value02":null,"value03":null,"value04":null},
 {"queryName":"Ratechecker - V01","year":2025,"month":1,"Country":"JO","recordCount":18,"value01":null,"value02":null,"value03":null,"value04":null},
 {"queryName":"Ratechecker - V01","year":2025,"month":10,"Country":"IN","recordCount":3,"value01":null,"value02":null,"value03":null,"value04":null},
 {"queryName":"Ratechecker - V01","year":2025,"month":10,"Country":"IT","recordCount":19,"value01":null,"value02":null,"value03":null,"value04":null},
 {"queryName":"Ratechecker - V01","year":2025,"month":8,"Country":"FJ","recordCount":25,"value01":null,"value02":null,"value03":null,"value04":null},
 {"queryName":"Ratechecker - V01","year":2025,"month":6,"Country":"BE","recordCount":14,"value01":null,"value02":null,"value03":null,"value04":null},
 {"queryName":"Ratechecker - V01","year":2025,"month":5,"Country":"EG","recordCount":150,"value01":null,"value02":null,"value03":null,"value04":null},
 {"queryName":"Ratechecker - V01","year":2025,"month":2,"Country":"TH","recordCount":718,"value01":null,"value02":null,"value03":null,"value04":null},
 {"queryName":"Ratechecker - V01","year":2025,"month":2,"Country":"RO","recordCount":1,"value01":null,"value02":null,"value03":null,"value04":null},
 {"queryName":"Ratechecker - V01","year":2025,"month":4,"Country":"IN","recordCount":20,"value01":null,"value02":null,"value03":null,"value04":null},
 {"queryName":"Ratechecker - V01","year":2025,"month":10,"Country":"CN","recordCount":142,"value01":null,"value02":null,"value03":null,"value04":null},
 {"queryName":"Ratechecker - V01","year":2025,"month":3,"Country":"NL","recordCount":110,"value01":null,"value02":null,"value03":null,"value04":null},
 {"queryName":"Ratechecker - V01","year":2025,"month":10,"Country":"ID","recordCount":2,"value01":null,"value02":null,"value03":null,"value04":null},
 {"queryName":"Ratechecker - V01","year":2025,"month":7,"Country":"LU","recordCount":13,"value01":null,"value02":null,"value03":null,"value04":null},
 {"queryName":"Ratechecker - V01","year":2025,"month":6,"Country":"AE","recordCount":34,"value01":null,"value02":null,"value03":null,"value04":null},
 {"queryName":"Ratechecker - V01","year":2025,"month":4,"Country":"IT","recordCount":25,"value01":null,"value02":null,"value03":null,"value04":null},
 {"queryName":"Ratechecker - V01","year":2025,"month":6,"Country":"NO","recordCount":5,"value01":null,"value02":null,"value03":null,"value04":null},
 {"queryName":"Ratechecker - V01","year":2025,"month":1,"Country":"PT","recordCount":512,"value01":null,"value02":null,"value03":null,"value04":null},
 {"queryName":"Ratechecker - V01","year":2025,"month":3,"Country":"HK","recordCount":25,"value01":null,"value02":null,"value03":null,"value04":null},
 {"queryName":"Ratechecker - V01","year":2025,"month":7,"Country":"ES","recordCount":10,"value01":null,"value02":null,"value03":null,"value04":null},
 {"queryName":"Ratechecker - V01","year":2025,"month":7,"Country":"AU","recordCount":6,"value01":null,"value02":null,"value03":null,"value04":null},
 {"queryName":"Ratechecker - V01","year":2025,"month":8,"Country":"KW","recordCount":50,"value01":null,"value02":null,"value03":null,"value04":null},
 {"queryName":"Ratechecker - V01","year":2025,"month":4,"Country":"PT","recordCount":471,"value01":null,"value02":null,"value03":null,"value04":null}
]
